name|campaign_id|name|sites|subject
The Bank of East Asia|2748377|The Bank of East Asia|341, 339|ui
Swisscard Centurion|2748377|Swisscard Centurion||Centurion Card Request
Swisscard Centurion|2748377|Swisscard Centurion||Centurion Membership Referral Submission
Swisscard Centurion|2748377|Swisscard Centurion||Centurion Membership Interest Submission
ABSA|2748377|ABSA||Confirmation of password change
Alphacard|2748377|Alphacard||Confirmation of password change
Alphacard Centurion|2748377|Alphacard Centurion||Confirmation of password change
BAC|2748377|BAC||Confirmation of password change
Banco Pichincha|2748377|Banco Pichincha||Confirmation of password change
Bank of Melbourne [WP]|2748377|Bank of Melbourne [WP]||Confirmation of password change
Bank SA [WP]|2748377|Bank SA [WP]||Confirmation of password change
Barclaycard|2748377|Barclaycard||Confirmation of password change
Barclays|2748377|Barclays||Confirmation of password change
BCG|2748377|BCG||Confirmation of password change
City National Bank|2748377|City National Bank||Confirmation of password change
Coutts|2748377|Coutts||Confirmation of password change
Credit One|2748377|Credit One||Confirmation of password change
Credit Saison|2748377|Credit Saison||Confirmation of password change
Credit Saison Diamond|2748377|Credit Saison Diamond||Confirmation of password change
DBS AMEX|2748377|DBS AMEX||Confirmation of password change
Dillards|2748377|Dillards||Confirmation of password change
Discover|2748377|Discover||Confirmation of password change
DNB|2748377|DNB||Confirmation of password change
Europe Arab Bank|2748377|Europe Arab Bank||Confirmation of password change
Ginza Six Card|2748377|Ginza Six Card||Confirmation of password change
Global Travel Collection|2748377|Global Travel Collection||Confirmation of password change
HSBC|2748377|HSBC||Confirmation of password change
HSBC Infinite|2748377|HSBC Infinite||Confirmation of password change
Luxury Card|2748377|Luxury Card||Confirmation of password change
Manulife|2748377|Manulife||Confirmation of password change
Mastercard|2748377|Mastercard||Confirmation of password change
Mastercard Citi|2748377|Mastercard Citi||Confirmation of password change
Mastercard RAK|2748377|Mastercard RAK||Confirmation of password change
Morgan Stanley|2748377|Morgan Stanley||Confirmation of password change
MTLS Itau|2748377|MTLS Itau||Confirmation of password change
MTLS NEO|2748377|MTLS NEO||Confirmation of password change
MTLS SNB|2748377|MTLS SNB||Confirmation of password change
Natwest Black|2748377|Natwest Black||Confirmation of password change
Navy Federal Union|2748377|Navy Federal Union||Confirmation of password change
Nomura|2748377|Nomura||Confirmation of password change
OCBC|2748377|OCBC|249, 273, 274|Confirmation of password change
Qorbis|2748377|Qorbis||Confirmation of password change
Royal Bank of Canada|2748377|Royal Bank of Canada||Confirmation of password change
Royal Bank of Scotland Black|2748377|Royal Bank of Scotland Black||Confirmation of password change
Santander Private Banking|2748377|Santander Private Banking||Confirmation of password change
Scotia|2748377|Scotia||Confirmation of password change
Scotiabank Gold American Express®|2748377|Scotiabank Gold American Express®|425, 423|Confirmation of password change
Scotiabank Platinum American Express|2748377|Scotiabank Platinum American Express|421, 422|Confirmation of password change
SJP|2748377|SJP||Confirmation of password change
SMCC|2748377|SMCC||Confirmation of password change
SPW|2748377|SPW||Confirmation of password change
Standard Chartered|2748377|Standard Chartered||Confirmation of password change
St George [WP]|2748377|St George [WP]||Confirmation of password change
Swisscard|2748377|Swisscard||Confirmation of password change
Swisscard Centurion|2748377|Swisscard Centurion||Confirmation of password change
Ten|2748377|Ten||Confirmation of password change
Ten Explore|2748377|Ten Explore||Confirmation of password change
The Bank of East Asia|2748377|The Bank of East Asia||Confirmation of password change
Visa CEMEA|2748377|Visa CEMEA||Confirmation of password change
Visa LAC|2748377|Visa LAC||Confirmation of password change
Visa Trial|2748377|Visa Trial||Confirmation of password change
Visa US|2748377|Visa US||Confirmation of password change
Wells Fargo|2748377|Wells Fargo||Confirmation of password change
Wells Fargo The Private Bank|2748377|Wells Fargo The Private Bank||Confirmation of password change
Westpac|2748377|Westpac||Confirmation of password change
Global Travel Collection|2748377|Global Travel Collection||Your GTC Concierge request bundle has been purchased
Global Travel Collection|2748377|Global Travel Collection||Confirming that we’ve received your {{request_type}} request
Alphacard|2748377|Alphacard||Create Delegate Email
Alphacard Centurion|2748377|Alphacard Centurion||Create Delegate Email
BAC|2748377|BAC||Create Delegate Email
Bank of Melbourne [WP]|2748377|Bank of Melbourne [WP]||Create Delegate Email
Bank SA [WP]|2748377|Bank SA [WP]||Create Delegate Email
BCG|2748377|BCG||Create Delegate Email
Coutts|2748377|Coutts||Create Delegate Email
Credit One|2748377|Credit One||Create Delegate Email
DBS AMEX|2748377|DBS AMEX||Create Delegate Email
Dillards|2748377|Dillards||Create Delegate Email
Discover|2748377|Discover||Create Delegate Email
Europe Arab Bank|2748377|Europe Arab Bank||Create Delegate Email
Ginza Six Card|2748377|Ginza Six Card||Create Delegate Email
HSBC|2748377|HSBC||Create Delegate Email
Luxury Card|2748377|Luxury Card||Create Delegate Email
Manulife|2748377|Manulife||Create Delegate Email
Mastercard|2748377|Mastercard||Create Delegate Email
Mastercard Citi|2748377|Mastercard Citi||Create Delegate Email
Mastercard RAK|2748377|Mastercard RAK||Create Delegate Email
Morgan Stanley|2748377|Morgan Stanley||Create Delegate Email
MTLS Itau|2748377|MTLS Itau||Create Delegate Email
MTLS NEO|2748377|MTLS NEO||Create Delegate Email
MTLS SNB|2748377|MTLS SNB||Create Delegate Email
Natwest Black|2748377|Natwest Black||Create Delegate Email
Santander Private Banking|2748377|Santander Private Banking||Create Delegate Email
Scotia|2748377|Scotia||Create Delegate Email
SJP|2748377|SJP||Create Delegate Email
SPW|2748377|SPW||Create Delegate Email
Standard Chartered|2748377|Standard Chartered||Create Delegate Email
St George [WP]|2748377|St George [WP]||Create Delegate Email
Swisscard|2748377|Swisscard||Create Delegate Email
Swisscard Centurion|2748377|Swisscard Centurion||Create Delegate Email
Ten|2748377|Ten||Create Delegate Email
The Bank of East Asia|2748377|The Bank of East Asia||Create Delegate Email
Visa CEMEA|2748377|Visa CEMEA||Create Delegate Email
Westpac|2748377|Westpac||Create Delegate Email
ABSA|2748377|ABSA||Reservation requested: {{Restaurant_name}}
Alphacard|2748377|Alphacard||Reservation requested: {{Restaurant_name}}
Alphacard Centurion|2748377|Alphacard Centurion||Reservation requested: {{Restaurant_name}}
Bank of Melbourne [WP]|2748377|Bank of Melbourne [WP]||Reservation requested: {{Restaurant_name}}
Bank SA [WP]|2748377|Bank SA [WP]||Reservation requested: {{Restaurant_name}}
Barclaycard|2748377|Barclaycard||Reservation requested: {{Restaurant_name}}
Barclays|2748377|Barclays||Reservation requested: {{Restaurant_name}}
Credit Saison|2748377|Credit Saison||Reservation requested: {{Restaurant_name}}
Credit Saison Diamond|2748377|Credit Saison Diamond||Reservation requested: {{Restaurant_name}}
Discover|2748377|Discover||Reservation requested: {{Restaurant_name}}
DNB|2748377|DNB||Reservation requested: {{Restaurant_name}}
Europe Arab Bank|2748377|Europe Arab Bank||Reservation requested: {{Restaurant_name}}
Ginza Six Card|2748377|Ginza Six Card||Reservation requested: {{Restaurant_name}}
HSBC|2748377|HSBC||Reservation requested: {{Restaurant_name}}
HSBC Infinite|2748377|HSBC Infinite||Reservation requested: {{Restaurant_name}}
Manulife|2748377|Manulife||Reservation requested: {{Restaurant_name}}
Natwest Black|2748377|Natwest Black||Reservation requested: {{Restaurant_name}}
Nomura|2748377|Nomura||Reservation requested: {{Restaurant_name}}
Royal Bank of Canada|2748377|Royal Bank of Canada||Reservation requested: {{Restaurant_name}}
Royal Bank of Scotland Black|2748377|Royal Bank of Scotland Black||Reservation requested: {{Restaurant_name}}
Santander Private Banking|2748377|Santander Private Banking||Reservation requested: {{Restaurant_name}}
Scotia|2748377|Scotia||Reservation requested: {{Restaurant_name}}
Scotiabank Gold American Express®|2748377|Scotiabank Gold American Express®||Reservation requested: {{Restaurant_name}}
Scotiabank Platinum American Express|2748377|Scotiabank Platinum American Express||Reservation requested: {{Restaurant_name}}
SJP|2748377|SJP||Reservation requested: {{Restaurant_name}}
SMCC|2748377|SMCC||Reservation requested: {{Restaurant_name}}
Standard Chartered|2748377|Standard Chartered||Reservation requested: {{Restaurant_name}}
St George [WP]|2748377|St George [WP]||Reservation requested: {{Restaurant_name}}
Swisscard|2748377|Swisscard||Reservation requested: {{Restaurant_name}}
Swisscard Centurion|2748377|Swisscard Centurion||Reservation requested: {{Restaurant_name}}
Ten|2748377|Ten||Reservation requested: {{Restaurant_name}}
Ten Explore|2748377|Ten Explore||Reservation requested: {{Restaurant_name}}
Visa CEMEA|2748377|Visa CEMEA||Reservation requested: {{Restaurant_name}}
Visa US|2748377|Visa US||Reservation requested: {{Restaurant_name}}
Westpac|2748377|Westpac||Reservation requested: {{Restaurant_name}}
Europe Arab Bank|2748377|Europe Arab Bank||Your ticket request: {{Event_name}}
Ginza Six Card|2748377|Ginza Six Card||Your ticket request: {{Event_name}}
Luxury Card|2748377|Luxury Card||Your ticket request: {{Event_name}}
Manulife|2748377|Manulife||Your ticket request: {{Event_name}}
Natwest Black|2748377|Natwest Black||Your ticket request: {{Event_name}}
Royal Bank of Scotland Black|2748377|Royal Bank of Scotland Black||Your ticket request: {{Event_name}}
Santander Private Banking|2748377|Santander Private Banking||Your ticket request: {{Event_name}}
SMCC|2748377|SMCC||Your ticket request: {{Event_name}}
Ten|2748377|Ten|2|Your ticket request: {{Event_name}}
Ten Explore|2748377|Ten Explore||Your ticket request: {{Event_name}}
Visa US|2748377|Visa US||Your ticket request: {{Event_name}}
HSBC Infinite|2748377|HSBC Infinite||Your immigration request
Swisscard Centurion|2748377|Swisscard Centurion||expedited immingration {{job_id}}
ABSA|2748377|ABSA||Held Table Booking Confirmation: {{Restaurant_name}}
Alphacard|2748377|Alphacard||Held Table Booking Confirmation: {{Restaurant_name}}
Alphacard Centurion|2748377|Alphacard Centurion||Held Table Booking Confirmation: {{Restaurant_name}}
BAC|2748377|BAC||Held Table Booking Confirmation: {{Restaurant_name}}
Banco Pichincha|2748377|Banco Pichincha||Held Table Booking Confirmation: {{Restaurant_name}}
Bank of Melbourne [WP]|2748377|Bank of Melbourne [WP]||Held Table Booking Confirmation: {{Restaurant_name}}
Bank SA [WP]|2748377|Bank SA [WP]||Held Table Booking Confirmation: {{Restaurant_name}}
Barclaycard|2748377|Barclaycard||Held Table Booking Confirmation: {{Restaurant_name}}
Barclays|2748377|Barclays||Held Table Booking Confirmation: {{Restaurant_name}}
BCG|2748377|BCG||Held Table Booking Confirmation: {{Restaurant_name}}
City National Bank|2748377|City National Bank||Held Table Booking Confirmation: {{Restaurant_name}}
Coutts|2748377|Coutts||Held Table Booking Confirmation: {{Restaurant_name}}
Credit One|2748377|Credit One||Held Table Booking Confirmation: {{Restaurant_name}}
Credit Saison|2748377|Credit Saison||Held Table Booking Confirmation: {{Restaurant_name}}
Credit Saison Diamond|2748377|Credit Saison Diamond||Held Table Booking Confirmation: {{Restaurant_name}}
DBS AMEX|2748377|DBS AMEX||Held Table Booking Confirmation: {{Restaurant_name}}
Dillards|2748377|Dillards||Held Table Booking Confirmation: {{Restaurant_name}}
Discover|2748377|Discover||Held Table Booking Confirmation: {{Restaurant_name}}
DNB|2748377|DNB||Held Table Booking Confirmation: {{Restaurant_name}}
Europe Arab Bank|2748377|Europe Arab Bank||Held Table Booking Confirmation: {{Restaurant_name}}
Ginza Six Card|2748377|Ginza Six Card||Held Table Booking Confirmation: {{Restaurant_name}}
HSBC|2748377|HSBC||Held Table Booking Confirmation: {{Restaurant_name}}
HSBC Infinite|2748377|HSBC Infinite||Held Table Booking Confirmation: {{Restaurant_name}}
Luxury Card|2748377|Luxury Card||Held Table Booking Confirmation: {{Restaurant_name}}
Manulife|2748377|Manulife||Held Table Booking Confirmation: {{Restaurant_name}}
Mastercard|2748377|Mastercard||Held Table Booking Confirmation: {{Restaurant_name}}
Mastercard Citi|2748377|Mastercard Citi||Held Table Booking Confirmation: {{Restaurant_name}}
Mastercard RAK|2748377|Mastercard RAK||Held Table Booking Confirmation: {{Restaurant_name}}
Morgan Stanley|2748377|Morgan Stanley||Held Table Booking Confirmation: {{Restaurant_name}}
MTLS Itau|2748377|MTLS Itau||Held Table Booking Confirmation: {{Restaurant_name}}
MTLS NEO|2748377|MTLS NEO||Held Table Booking Confirmation: {{Restaurant_name}}
MTLS SNB|2748377|MTLS SNB||Held Table Booking Confirmation: {{Restaurant_name}}
Natwest Black|2748377|Natwest Black||Held Table Booking Confirmation: {{Restaurant_name}}
Navy Federal Union|2748377|Navy Federal Union||Held Table Booking Confirmation: {{Restaurant_name}}
Nomura|2748377|Nomura||Held Table Booking Confirmation: {{Restaurant_name}}
OCBC|2748377|OCBC|274, 249, 273|Held Table Booking Confirmation: {{Restaurant_name}}
Qorbis|2748377|Qorbis||Held Table Booking Confirmation: {{Restaurant_name}}
Royal Bank of Canada|2748377|Royal Bank of Canada||Held Table Booking Confirmation: {{Restaurant_name}}
Royal Bank of Scotland Black|2748377|Royal Bank of Scotland Black||Held Table Booking Confirmation: {{Restaurant_name}}
Santander Private Banking|2748377|Santander Private Banking||Held Table Booking Confirmation: {{Restaurant_name}}
Scotia|2748377|Scotia||Held Table Booking Confirmation: {{Restaurant_name}}
Scotiabank Gold American Express®|2748377|Scotiabank Gold American Express®|423, 425|Held Table Booking Confirmation: {{Restaurant_name}}
Scotiabank Platinum American Express|2748377|Scotiabank Platinum American Express|421, 422|Held Table Booking Confirmation: {{Restaurant_name}}
SJP|2748377|SJP||Held Table Booking Confirmation: {{Restaurant_name}}
SMCC|2748377|SMCC||Held Table Booking Confirmation: {{Restaurant_name}}
SPW|2748377|SPW||Held Table Booking Confirmation: {{Restaurant_name}}
Standard Chartered|2748377|Standard Chartered||Held Table Booking Confirmation: {{Restaurant_name}}
St George [WP]|2748377|St George [WP]||Held Table Booking Confirmation: {{Restaurant_name}}
Swisscard|2748377|Swisscard||Held Table Booking Confirmation: {{Restaurant_name}}
Swisscard Centurion|2748377|Swisscard Centurion||Held Table Booking Confirmation: {{Restaurant_name}}
Ten|2748377|Ten||Held Table Booking Confirmation: {{Restaurant_name}}
Ten Explore|2748377|Ten Explore||Held Table Booking Confirmation: {{Restaurant_name}}
The Bank of East Asia|2748377|The Bank of East Asia||Held Table Booking Confirmation: {{Restaurant_name}}
Visa CEMEA|2748377|Visa CEMEA||Held Table Booking Confirmation: {{Restaurant_name}}
Visa LAC|2748377|Visa LAC||Held Table Booking Confirmation: {{Restaurant_name}}
Visa Trial|2748377|Visa Trial||Held Table Booking Confirmation: {{Restaurant_name}}
Visa US|2748377|Visa US||Held Table Booking Confirmation: {{Restaurant_name}}
Wells Fargo|2748377|Wells Fargo||Held Table Booking Confirmation: {{Restaurant_name}}
Wells Fargo The Private Bank|2748377|Wells Fargo The Private Bank||Held Table Booking Confirmation: {{Restaurant_name}}
Westpac|2748377|Westpac||Held Table Booking Confirmation: {{Restaurant_name}}
ABSA|2748377|ABSA||Please activate your account
Alphacard|2748377|Alphacard||Please activate your American Express Platinum Travel Service online account
Alphacard Centurion|2748377|Alphacard Centurion||Please activate your account
BAC|2748377|BAC||Please activate your account
Banco Pichincha|2748377|Banco Pichincha||Welcome to Visa Digital Concierge - please activate your account
Bank of Melbourne [WP]|2748377|Bank of Melbourne [WP]||Please activate your account
Bank SA [WP]|2748377|Bank SA [WP]||Please activate your account
Barclaycard|2748377|Barclaycard||Welcome to Barclays Infinite Concierge - please activate your account
Barclays|2748377|Barclays||Welcome to Barclays Pack Concierge - please activate your account
BCG|2748377|BCG||Please activate your account
City National Bank|2748377|City National Bank||Please activate your account
Coutts|2748377|Coutts||Welcome to Coutts Concierge - please activate your account
Credit One|2748377|Credit One||Please activate your account
Credit Saison|2748377|Credit Saison||Please activate your account
Credit Saison Diamond|2748377|Credit Saison Diamond||Please activate your account
DBS AMEX|2748377|DBS AMEX||Please activate your account
Dillards|2748377|Dillards||Please activate your account
Discover|2748377|Discover||Please activate your account
DNB|2748377|DNB||Please activate your account
Europe Arab Bank|2748377|Europe Arab Bank||Please activate your account
Ginza Six Card|2748377|Ginza Six Card||Please activate your account
Global Travel Collection|2748377|Global Travel Collection||Please activate your account
HSBC|2748377|HSBC||Please activate your account
HSBC Infinite|2748377|HSBC Infinite||Please activate your account
Luxury Card|2748377|Luxury Card||Please activate your account
Manulife|2748377|Manulife||Please activate your account
Mastercard|2748377|Mastercard||Please activate your account
Mastercard Citi|2748377|Mastercard Citi||Please activate your account
Mastercard RAK|2748377|Mastercard RAK||Please activate your account
Morgan Stanley|2748377|Morgan Stanley||Please activate your account
MTLS Itau|2748377|MTLS Itau||Please activate your account
MTLS NEO|2748377|MTLS NEO||Please activate your account
MTLS SNB|2748377|MTLS SNB||Please activate your account
Natwest Black|2748377|Natwest Black||Please activate your account
Navy Federal Union|2748377|Navy Federal Union||Please activate your account
Nomura|2748377|Nomura||Please activate your account
OCBC|2748377|OCBC|273, 274|Voyage Exchange - please activate your account
OCBC|2748377|OCBC|249|Welcome to VOYAGE Exchange - please activate your account
Qorbis|2748377|Qorbis||Please activate your account
Royal Bank of Canada|2748377|Royal Bank of Canada||Welcome to RBC Concierge - please activate your account
Royal Bank of Scotland Black|2748377|Royal Bank of Scotland Black||Please activate your account
Santander Private Banking|2748377|Santander Private Banking||Please activate your account
Scotia|2748377|Scotia||Please activate your account
Scotiabank Gold American Express®|2748377|Scotiabank Gold American Express®|423, 425|Please activate your account
Scotiabank Platinum American Express|2748377|Scotiabank Platinum American Express|421, 422|Please activate your account
SJP|2748377|SJP||Please activate your account
SMCC|2748377|SMCC||Please activate your account
SPW|2748377|SPW||Please activate your account
Standard Chartered|2748377|Standard Chartered||Please activate your account
St George [WP]|2748377|St George [WP]||Please activate your account
Swisscard|2748377|Swisscard||Activate your Platinum Travel & Lifestyle Service online account
Swisscard Centurion|2748377|Swisscard Centurion||Activate your personal access to the new Centurion website
Ten|2748377|Ten||Please activate your account
Ten Explore|2748377|Ten Explore||Please activate your account
The Bank of East Asia|2748377|The Bank of East Asia||Please activate your account
Visa CEMEA|2748377|Visa CEMEA||Please activate your account
Visa LAC|2748377|Visa LAC||Welcome to Visa Digital Concierge - please activate your account
Visa Trial|2748377|Visa Trial||Please activate your account
Visa US|2748377|Visa US||Please activate your account
Wells Fargo|2748377|Wells Fargo||Please activate your account
Wells Fargo The Private Bank|2748377|Wells Fargo The Private Bank||Please activate your account
Westpac|2748377|Westpac||Please activate your account
HSBC Infinite|2748377|HSBC Infinite||Your Limousine Request
Standard Chartered|2748377|Standard Chartered||Your Limousine Request
Alphacard|2748377|Alphacard||Your benefit redemption: {{Benefit_name}}
Alphacard Centurion|2748377|Alphacard Centurion||Your benefit redemption: {{Benefit_name}}
BAC|2748377|BAC||Your benefit redemption: {{Benefit_name}}
Credit One|2748377|Credit One||Your benefit redemption: {{Benefit_name}}
Credit Saison|2748377|Credit Saison||Your benefit redemption: {{Benefit_name}}
Credit Saison Diamond|2748377|Credit Saison Diamond||Your benefit redemption: {{Benefit_name}}
Dillards|2748377|Dillards||Your benefit redemption: {{Benefit_name}}
Europe Arab Bank|2748377|Europe Arab Bank||Your benefit redemption: {{Benefit_name}}
Ginza Six Card|2748377|Ginza Six Card||Your benefit redemption: {{Benefit_name}}
Luxury Card|2748377|Luxury Card||Your benefit redemption: {{Benefit_name}}
Manulife|2748377|Manulife||Your benefit redemption: {{Benefit_name}}
Mastercard|2748377|Mastercard||Your benefit redemption: {{Benefit_name}}
Morgan Stanley|2748377|Morgan Stanley||Your benefit redemption: {{Benefit_name}}
MTLS Itau|2748377|MTLS Itau||Your benefit redemption: {{Benefit_name}}
MTLS NEO|2748377|MTLS NEO||Your benefit redemption: {{Benefit_name}}
MTLS SNB|2748377|MTLS SNB||Your benefit redemption: {{Benefit_name}}
Natwest Black|2748377|Natwest Black||Your benefit redemption: {{Benefit_name}}
Navy Federal Union|2748377|Navy Federal Union||Your benefit redemption: {{Benefit_name}}
Nomura|2748377|Nomura||Your benefit redemption: {{Benefit_name}}
Qorbis|2748377|Qorbis||Your benefit redemption: {{Benefit_name}}
Royal Bank of Scotland Black|2748377|Royal Bank of Scotland Black||Your benefit redemption: {{Benefit_name}}
Santander Private Banking|2748377|Santander Private Banking||Your benefit redemption: {{Benefit_name}}
SMCC|2748377|SMCC||Your benefit redemption: {{Benefit_name}}
SPW|2748377|SPW||Your benefit redemption: {{Benefit_name}}
Swisscard|2748377|Swisscard||Your benefit redemption: {{Benefit_name}}
Swisscard Centurion|2748377|Swisscard Centurion||Your benefit redemption: {{Benefit_name}}
Ten|2748377|Ten||Your benefit redemption: {{Benefit_name}}
Ten Explore|2748377|Ten Explore||Your benefit redemption: {{Benefit_name}}
Visa Trial|2748377|Visa Trial||Your benefit redemption: {{Benefit_name}}
Visa US|2748377|Visa US||Your benefit redemption: {{Benefit_name}}
Wells Fargo|2748377|Wells Fargo||Your benefit redemption: {{Benefit_name}}
Wells Fargo The Private Bank|2748377|Wells Fargo The Private Bank||Your benefit redemption: {{Benefit_name}}
ABSA|2748377|ABSA||Your benefit redemption: {{Benefit_name}}
Alphacard|2748377|Alphacard||Your benefit redemption: {{Benefit_name}}
Alphacard Centurion|2748377|Alphacard Centurion||Your benefit redemption: {{Benefit_name}}
BAC|2748377|BAC||Your benefit redemption: {{Benefit_name}}
Banco Pichincha|2748377|Banco Pichincha||Your benefit redemption: {{Benefit_name}}
Bank of Melbourne [WP]|2748377|Bank of Melbourne [WP]||Your benefit redemption: {{Benefit_name}}
Bank SA [WP]|2748377|Bank SA [WP]||Your benefit redemption: {{Benefit_name}}
Barclaycard|2748377|Barclaycard||Your benefit redemption: {{Benefit_name}}
Barclays|2748377|Barclays||Your benefit redemption: {{Benefit_name}}
BCG|2748377|BCG||Your benefit redemption: {{Benefit_name}}
City National Bank|2748377|City National Bank||Your benefit redemption: {{Benefit_name}}
Coutts|2748377|Coutts||Your benefit redemption: {{Benefit_name}}
Credit One|2748377|Credit One||Your benefit redemption: {{Benefit_name}}
Credit Saison|2748377|Credit Saison||Your benefit redemption: {{Benefit_name}}
Credit Saison Diamond|2748377|Credit Saison Diamond||Your benefit redemption: {{Benefit_name}}
DBS AMEX|2748377|DBS AMEX||Your benefit redemption: {{Benefit_name}}
Dillards|2748377|Dillards||Your benefit redemption: {{Benefit_name}}
Discover|2748377|Discover||Your benefit redemption: {{Benefit_name}}
DNB|2748377|DNB||Your benefit redemption: {{Benefit_name}}
Europe Arab Bank|2748377|Europe Arab Bank||Your benefit redemption: {{Benefit_name}}
Ginza Six Card|2748377|Ginza Six Card||Your benefit redemption: {{Benefit_name}}
HSBC|2748377|HSBC||Your benefit redemption: {{Benefit_name}}
HSBC Infinite|2748377|HSBC Infinite||Your benefit redemption: {{Benefit_name}}
Luxury Card|2748377|Luxury Card||Your benefit redemption: {{Benefit_name}}
Manulife|2748377|Manulife||Your benefit redemption: {{Benefit_name}}
Mastercard|2748377|Mastercard||Your benefit redemption: {{Benefit_name}}
Mastercard Citi|2748377|Mastercard Citi||Your benefit redemption: {{Benefit_name}}
Mastercard RAK|2748377|Mastercard RAK||Your benefit redemption: {{Benefit_name}}
Morgan Stanley|2748377|Morgan Stanley||Your benefit redemption: {{Benefit_name}}
MTLS Itau|2748377|MTLS Itau||Your benefit redemption: {{Benefit_name}}
MTLS NEO|2748377|MTLS NEO||Your benefit redemption: {{Benefit_name}}
MTLS SNB|2748377|MTLS SNB||Your benefit redemption: {{Benefit_name}}
Natwest Black|2748377|Natwest Black||Your benefit redemption: {{Benefit_name}}
Navy Federal Union|2748377|Navy Federal Union||Your benefit redemption: {{Benefit_name}}
Nomura|2748377|Nomura||Your benefit redemption: {{Benefit_name}}
OCBC|2748377|OCBC|274, 273|Your benefit redemption: {{Benefit_name }}
OCBC|2748377|OCBC|249|Your benefit redemption: {{Benefit_name}}
Qorbis|2748377|Qorbis||Your benefit redemption: {{Benefit_name}}
Royal Bank of Canada|2748377|Royal Bank of Canada||Your benefit redemption: {{Benefit_name}}
Royal Bank of Scotland Black|2748377|Royal Bank of Scotland Black||Your benefit redemption: {{Benefit_name}}
Santander Private Banking|2748377|Santander Private Banking||Your benefit redemption: {{Benefit_name}}
Scotia|2748377|Scotia||Your benefit redemption: {{Benefit_name}}
Scotiabank Gold American Express®|2748377|Scotiabank Gold American Express®|423, 425|Your benefit redemption: {{Benefit_name}}
Scotiabank Platinum American Express|2748377|Scotiabank Platinum American Express|421, 422|Your benefit redemption: {{Benefit_name}}
SJP|2748377|SJP||Your benefit redemption: {{Benefit_name}}
SMCC|2748377|SMCC||Your benefit redemption: {{Benefit_name}}
SPW|2748377|SPW||Your benefit redemption: {{Benefit_name}}
Standard Chartered|2748377|Standard Chartered||Your benefit redemption: {{Benefit_name}}
St George [WP]|2748377|St George [WP]||Your benefit redemption: {{Benefit_name}}
Swisscard|2748377|Swisscard||Your benefit redemption: {{Benefit_name}}
Swisscard Centurion|2748377|Swisscard Centurion||Your benefit redemption: {{Benefit_name}}
Ten|2748377|Ten||Your benefit redemption: {{Benefit_name}}
Ten Explore|2748377|Ten Explore||Your benefit redemption: {{Benefit_name}}
The Bank of East Asia|2748377|The Bank of East Asia||Your benefit redemption: {{Benefit_name}}
Visa CEMEA|2748377|Visa CEMEA||Your benefit redemption: {{Benefit_name}}
Visa LAC|2748377|Visa LAC||Your benefit redemption: {{Benefit_name}}
Visa Trial|2748377|Visa Trial||Your benefit redemption: {{Benefit_name}}
Visa US|2748377|Visa US||Your benefit redemption: {{Benefit_name}}
Wells Fargo|2748377|Wells Fargo||Your benefit redemption: {{Benefit_name }}
Wells Fargo The Private Bank|2748377|Wells Fargo The Private Bank||Your benefit redemption: {{Benefit_name}}
Westpac|2748377|Westpac||Your benefit redemption: {{Benefit_name}}
Alphacard|2748377|Alphacard||Your benefit redemption: {{offer_title}}
Alphacard Centurion|2748377|Alphacard Centurion||Your benefit redemption: {{offer_title}}
DNB|2748377|DNB||Your benefit redemption: {{offer_title}}
Swisscard|2748377|Swisscard||Your benefit redemption: {{offer_title}}
Swisscard Centurion|2748377|Swisscard Centurion||Your benefit redemption: {{offer_title}}
ABSA|2748377|ABSA||Your booking confirmation: {{Event_name}}
Alphacard|2748377|Alphacard||Your booking confirmation: {{Event_name}}
Alphacard Centurion|2748377|Alphacard Centurion||Your booking confirmation: {{Event_name}}
BAC|2748377|BAC||Your booking confirmation: {{Event_name}}
Banco Pichincha|2748377|Banco Pichincha||Your booking confirmation: {{Event_name}}
Bank of Melbourne [WP]|2748377|Bank of Melbourne [WP]||Your booking confirmation: {{Event_name}}
Bank SA [WP]|2748377|Bank SA [WP]||Your booking confirmation: {{Event_name}}
Barclaycard|2748377|Barclaycard||Your booking confirmation: {{Event_name}}
Barclays|2748377|Barclays||Your booking confirmation: {{Event_name}}
BCG|2748377|BCG||Your booking confirmation: {{Event_name}}
City National Bank|2748377|City National Bank||Your booking confirmation: {{Event_name}}
Coutts|2748377|Coutts||Your Booking Confirmation: {{Event_name}}
Credit One|2748377|Credit One||Your booking confirmation: {{Event_name}}
Credit Saison|2748377|Credit Saison||Your booking confirmation: {{Event_name}}
Credit Saison Diamond|2748377|Credit Saison Diamond||Your booking confirmation: {{Event_name}}
DBS AMEX|2748377|DBS AMEX||Your booking confirmation: {{Event_name}}
Dillards|2748377|Dillards||Your booking confirmation: {{Event_name}}
Discover|2748377|Discover||Your booking confirmation: {{Event_name}}
DNB|2748377|DNB||Your booking confirmation: {{Event_name}}
Europe Arab Bank|2748377|Europe Arab Bank||Your booking confirmation: {{Event_name}}
Ginza Six Card|2748377|Ginza Six Card||Your booking confirmation: {{Event_name}}
HSBC|2748377|HSBC||Your Booking Confirmation: {{Event_name}}
HSBC Infinite|2748377|HSBC Infinite||Your Booking Confirmation: {{Event_name}}
Luxury Card|2748377|Luxury Card||Your booking confirmation: {{Event_name}}
Manulife|2748377|Manulife||Your booking confirmation: {{Event_name}}
Mastercard|2748377|Mastercard|342, 344, 345, 347|Your booking confirmation: {{Event_name}}
Mastercard Citi|2748377|Mastercard Citi||Your booking confirmation: {{Event_name}}
Mastercard RAK|2748377|Mastercard RAK||Your booking confirmation: {{Event_name}}
Morgan Stanley|2748377|Morgan Stanley||Your booking confirmation: {{Event_name}}
MTLS Itau|2748377|MTLS Itau||Your booking confirmation: {{Event_name}}
MTLS NEO|2748377|MTLS NEO||Your booking confirmation: {{Event_name}}
MTLS SNB|2748377|MTLS SNB||Your booking confirmation: {{Event_name}}
Natwest Black|2748377|Natwest Black||Your booking confirmation: {{Event_name}}
Navy Federal Union|2748377|Navy Federal Union||Your booking confirmation: {{Event_name}}
Nomura|2748377|Nomura||Your booking confirmation: {{Event_name}}
OCBC|2748377|OCBC|273, 274, 249|Member Event Booking Confirmation
Qorbis|2748377|Qorbis||Your booking confirmation: {{Event_name}}
Royal Bank of Canada|2748377|Royal Bank of Canada||Your booking confirmation: {{Event_name}}
Royal Bank of Scotland Black|2748377|Royal Bank of Scotland Black||Your booking confirmation: {{Event_name}}
Santander Private Banking|2748377|Santander Private Banking||Your booking confirmation: {{Event_name}}
Scotia|2748377|Scotia||Your booking confirmation: {{Event_name}}
Scotiabank Gold American Express®|2748377|Scotiabank Gold American Express®|425, 423|Your booking confirmation: {{Event_name}}
Scotiabank Platinum American Express|2748377|Scotiabank Platinum American Express|421, 422|Your booking confirmation: {{Event_name}}
SJP|2748377|SJP||Your booking confirmation: {{Event_name}}
SMCC|2748377|SMCC||Your booking confirmation: {{Event_name}}
SPW|2748377|SPW||Your booking confirmation: {{Event_name}}
Standard Chartered|2748377|Standard Chartered||Your Booking Confirmation: {{Event_name}}
St George [WP]|2748377|St George [WP]||Your booking confirmation: {{Event_name}}
Swisscard|2748377|Swisscard||Your Booking Confirmation: {{Event_name}}
Swisscard Centurion|2748377|Swisscard Centurion|338|Your Booking Confirmation: {{Event_name}}
Ten|2748377|Ten||Your booking confirmation: {{Event_name}}
Ten Explore|2748377|Ten Explore||Your booking confirmation: {{Event_name}}
The Bank of East Asia|2748377|The Bank of East Asia||Your booking confirmation: {{Event_name}}
Visa CEMEA|2748377|Visa CEMEA||Your booking confirmation: {{Event_name}}
Visa LAC|2748377|Visa LAC||Your booking confirmation: {{Event_name}}
Visa Trial|2748377|Visa Trial||Your booking confirmation: {{Event_name}}
Visa US|2748377|Visa US||Your booking confirmation: {{Event_name}}
Wells Fargo|2748377|Wells Fargo||Your booking confirmation: {{Event_name}}
Wells Fargo The Private Bank|2748377|Wells Fargo The Private Bank||Your booking confirmation: {{Event_name}}
Westpac|2748377|Westpac||Your booking confirmation: {{Event_name}}
ABSA|2748377|ABSA||You’ve been added to the waiting list for {{Event_name}}
Alphacard|2748377|Alphacard||You’ve been added to the waiting list for {{Event_name}}
Alphacard Centurion|2748377|Alphacard Centurion||You’ve been added to the waiting list for {{Event_name}}
BAC|2748377|BAC||You’ve been added to the waiting list for {{Event_name}}
Banco Pichincha|2748377|Banco Pichincha||You’ve been added to the waiting list for {{Event_name}}
Bank of Melbourne [WP]|2748377|Bank of Melbourne [WP]||You’ve been added to the waiting list for {{Event_name}}
Bank SA [WP]|2748377|Bank SA [WP]||You’ve been added to the waiting list for {{Event_name}}
Barclaycard|2748377|Barclaycard||You’ve been added to the waiting list for {{Event_name}}
Barclays|2748377|Barclays||You’ve been added to the waiting list for {{Event_name}}
BCG|2748377|BCG||You’ve been added to the waiting list for {{Event_name}}
City National Bank|2748377|City National Bank||You’ve been added to the waiting list for {{Event_name}}
Coutts|2748377|Coutts||You’ve been added to the waiting list for {{Event_name}}
Credit One|2748377|Credit One||You’ve been added to the waiting list for {{Event_name}}
Credit Saison|2748377|Credit Saison||You’ve been added to the waiting list for {{Event_name}}
Credit Saison Diamond|2748377|Credit Saison Diamond||You’ve been added to the waiting list for {{Event_name}}
DBS AMEX|2748377|DBS AMEX||You’ve been added to the waiting list for {{Event_name}}
Dillards|2748377|Dillards||You’ve been added to the waiting list for {{Event_name}}
Discover|2748377|Discover||You’ve been added to the waiting list for {{Event_name}}
DNB|2748377|DNB||{{Event_name}}: you’ve been added to the waiting list
Europe Arab Bank|2748377|Europe Arab Bank||{{Event_name}}: you’ve been added to the waiting list
Ginza Six Card|2748377|Ginza Six Card||{{Event_name}}: you’ve been added to the waiting list
HSBC|2748377|HSBC||You’ve been added to the waiting list for {{Event_name}}
HSBC Infinite|2748377|HSBC Infinite||You’ve been added to the waiting list for {{Event_name}}
Luxury Card|2748377|Luxury Card||{{Event_name}}: you’ve been added to the waiting list
Manulife|2748377|Manulife||{{Event_name}}: you’ve been added to the waiting list
Mastercard|2748377|Mastercard||You’ve been added to the waiting list for {{Event_name}}
Mastercard Citi|2748377|Mastercard Citi||You’ve been added to the waiting list for {{Event_name}}
Mastercard RAK|2748377|Mastercard RAK||You’ve been added to the waiting list for {{Event_name}}
Morgan Stanley|2748377|Morgan Stanley||You’ve been added to the waiting list for {{Event_name}}
MTLS Itau|2748377|MTLS Itau||You’ve been added to the waiting list for {{Event_name}}
MTLS NEO|2748377|MTLS NEO||You’ve been added to the waiting list for {{Event_name}}
MTLS SNB|2748377|MTLS SNB||You’ve been added to the waiting list for {{Event_name}}
Natwest Black|2748377|Natwest Black||{{Event_name}}: you’ve been added to the waiting list
Navy Federal Union|2748377|Navy Federal Union||You’ve been added to the waiting list for {{Event_name}}
Nomura|2748377|Nomura||You’ve been added to the waiting list for {{Event_name}}
OCBC|2748377|OCBC||You’ve been added to the waiting list for {{Event_name}}
Qorbis|2748377|Qorbis||{{Event_name}}: you’ve been added to the waiting list
Royal Bank of Canada|2748377|Royal Bank of Canada||You’ve been added to the waiting list for {{Event_name}}
Royal Bank of Scotland Black|2748377|Royal Bank of Scotland Black||{{Event_name}}: you’ve been added to the waiting list
Santander Private Banking|2748377|Santander Private Banking||{{Event_name}}: you’ve been added to the waiting list
Scotia|2748377|Scotia||You’ve been added to the waiting list for {{Event_name}}
Scotiabank Gold American Express®|2748377|Scotiabank Gold American Express®||You’ve been added to the waiting list for {{Event_name}}
Scotiabank Platinum American Express|2748377|Scotiabank Platinum American Express||You’ve been added to the waiting list for {{Event_name}}
SJP|2748377|SJP||You’ve been added to the waiting list for {{Event_name}}
SMCC|2748377|SMCC||{{Event_name}}: you’ve been added to the waiting list
SPW|2748377|SPW||You’ve been added to the waiting list for {{Event_name}}
Standard Chartered|2748377|Standard Chartered||You’ve been added to the waiting list for {{Event_name}}
St George [WP]|2748377|St George [WP]||You’ve been added to the waiting list for {{Event_name}}
Swisscard|2748377|Swisscard||You’ve been added to the waiting list for {{Event_name}}
Swisscard Centurion|2748377|Swisscard Centurion||You’ve been added to the waiting list for {{Event_name}}
Ten|2748377|Ten||{{Event_name}}: you’ve been added to the waiting list
Ten Explore|2748377|Ten Explore||{{Event_name}}: you’ve been added to the waiting list
The Bank of East Asia|2748377|The Bank of East Asia||You’ve been added to the waiting list for {{Event_name}}
Visa CEMEA|2748377|Visa CEMEA||You’ve been added to the waiting list for {{Event_name}}
Visa LAC|2748377|Visa LAC||You’ve been added to the waiting list for {{Event_name}}
Visa Trial|2748377|Visa Trial||{{Event_name}}: you’ve been added to the waiting list
Visa US|2748377|Visa US||{{Event_name}}: you’ve been added to the waiting list
Wells Fargo|2748377|Wells Fargo||You’ve been added to the waiting list for {{Event_name}}
Wells Fargo The Private Bank|2748377|Wells Fargo The Private Bank||{{Event_name}}: you’ve been added to the waiting list
Westpac|2748377|Westpac||You’ve been added to the waiting list for {{Event_name}}
ABSA|2748377|ABSA||Your request: {{Event_name}}
Alphacard|2748377|Alphacard||Your request: {{Event_name}}
Alphacard Centurion|2748377|Alphacard Centurion||Your request: {{Event_name}}
BAC|2748377|BAC||Your request: {{Event_name}}
Banco Pichincha|2748377|Banco Pichincha||Your ticket request: {{Event_name}}
Bank of Melbourne [WP]|2748377|Bank of Melbourne [WP]||Your request: {{Event_name}}
Bank SA [WP]|2748377|Bank SA [WP]||Your request: {{Event_name}}
Barclaycard|2748377|Barclaycard||Your ticket request: {{Event_name}}
Barclays|2748377|Barclays||Your ticket request: {{Event_name}}
BCG|2748377|BCG||Your request: {{Event_name}}
City National Bank|2748377|City National Bank||Your request: {{Event_name}}
Coutts|2748377|Coutts||Your Request: {{Event_name}}
Credit One|2748377|Credit One||Your request: {{Event_name}}
Credit Saison|2748377|Credit Saison||Your request: {{Event_name}}
Credit Saison Diamond|2748377|Credit Saison Diamond||Your request: {{Event_name}}
DBS AMEX|2748377|DBS AMEX||Your request: {{Event_name}}
Dillards|2748377|Dillards||Your request: {{Event_name}}
Discover|2748377|Discover||Your request: {{Event_name}}
DNB|2748377|DNB||Your booking confirmation: {{Event_name}}
Europe Arab Bank|2748377|Europe Arab Bank||Your request: {{Event_name}}
Ginza Six Card|2748377|Ginza Six Card||Your request: {{Event_name}}
HSBC|2748377|HSBC||Your Request: {{Event_name}}
HSBC Infinite|2748377|HSBC Infinite||Your Request: {{Event_name}}
Luxury Card|2748377|Luxury Card||Your request: {{Event_name}}
Manulife|2748377|Manulife||Your request: {{Event_name}}
Mastercard|2748377|Mastercard||Your request: {{Event_name}}
Mastercard Citi|2748377|Mastercard Citi||Your request: {{Event_name}}
Mastercard RAK|2748377|Mastercard RAK||Your request: {{Event_name}}
Morgan Stanley|2748377|Morgan Stanley||Your request: {{Event_name}}
MTLS Itau|2748377|MTLS Itau||Your request: {{Event_name}}
MTLS NEO|2748377|MTLS NEO||Your request: {{Event_name}}
MTLS SNB|2748377|MTLS SNB||Your request: {{Event_name}}
Natwest Black|2748377|Natwest Black||Your request: {{Event_name}}
Navy Federal Union|2748377|Navy Federal Union||Your request: {{Event_name}}
Nomura|2748377|Nomura||Your request: {{Event_name}}
OCBC|2748377|OCBC|249, 273, 274|Member Event: Complimentary Ticket Request
Qorbis|2748377|Qorbis||Your request: {{Event_name}}
Royal Bank of Canada|2748377|Royal Bank of Canada||Your ticket request: {{Event_name}}
Royal Bank of Scotland Black|2748377|Royal Bank of Scotland Black||Your request: {{Event_name}}
Santander Private Banking|2748377|Santander Private Banking||Your request: {{Event_name}}
Scotia|2748377|Scotia||Your ticket request: {{Event_name}}
SJP|2748377|SJP||Your request: {{Event_name}}
SMCC|2748377|SMCC||Your request: {{Event_name}}
SPW|2748377|SPW||Your request: {{Event_name}}
Standard Chartered|2748377|Standard Chartered||Your Request: {{Event_name}}
St George [WP]|2748377|St George [WP]||Your request: {{Event_name}}
Swisscard|2748377|Swisscard||Your Booking Confirmation: {{Event_name}}
Swisscard Centurion|2748377|Swisscard Centurion|338|Your Booking Confirmation: {{Event_name}}
Ten|2748377|Ten||Your request: {{Event_name}}
Ten Explore|2748377|Ten Explore||Your request: {{Event_name}}
The Bank of East Asia|2748377|The Bank of East Asia||Your request: {{Event_name}}
Visa CEMEA|2748377|Visa CEMEA||Your request: {{Event_name}}
Visa LAC|2748377|Visa LAC||Your ticket request: {{Event_name}}
Visa Trial|2748377|Visa Trial||Your request: {{Event_name}}
Visa US|2748377|Visa US||Your request: {{Event_name}}
Wells Fargo|2748377|Wells Fargo||Your request: {{Event_name}}
Wells Fargo The Private Bank|2748377|Wells Fargo The Private Bank||Your request: {{Event_name}}
Westpac|2748377|Westpac||Your request: {{Event_name}}
ABSA|2748377|ABSA||Your request: {{Event_name}}
Alphacard|2748377|Alphacard||Your request: {{Event_name}}
Alphacard Centurion|2748377|Alphacard Centurion||Your request: {{Event_name}}
BAC|2748377|BAC||Your request: {{Event_name}}
Banco Pichincha|2748377|Banco Pichincha||Your request: {{Event_name}}
Bank of Melbourne [WP]|2748377|Bank of Melbourne [WP]||Your request: {{Event_name}}
Bank SA [WP]|2748377|Bank SA [WP]||Your request: {{Event_name}}
Barclaycard|2748377|Barclaycard||Your request: {{Event_name}}
Barclays|2748377|Barclays||Your request: {{Event_name}}
BCG|2748377|BCG||Your request: {{Event_name}}
City National Bank|2748377|City National Bank||Your request: {{Event_name}}
Coutts|2748377|Coutts||Your request: {{Event_name}}
Credit One|2748377|Credit One||Your request: {{Event_name}}
Credit Saison|2748377|Credit Saison||Your request: {{Event_name}}
Credit Saison Diamond|2748377|Credit Saison Diamond||Your request: {{Event_name}}
DBS AMEX|2748377|DBS AMEX||Your request: {{Event_name}}
Dillards|2748377|Dillards||Your request: {{Event_name}}
Discover|2748377|Discover||Your request: {{Event_name}}
DNB|2748377|DNB||Your request: {{Event_name}}
Europe Arab Bank|2748377|Europe Arab Bank||Your request: {{Event_name}}
Ginza Six Card|2748377|Ginza Six Card||Your request: {{Event_name}}
HSBC|2748377|HSBC||Your request: {{Event_name}}
HSBC Infinite|2748377|HSBC Infinite||Your request: {{Event_name}}
Luxury Card|2748377|Luxury Card||Your request: {{Event_name}}
Manulife|2748377|Manulife||Your request: {{Event_name}}
Mastercard|2748377|Mastercard||Your request: {{Event_name}}
Mastercard Citi|2748377|Mastercard Citi||Your request: {{Event_name}}
Mastercard RAK|2748377|Mastercard RAK||Your request: {{Event_name}}
Morgan Stanley|2748377|Morgan Stanley||Your request: {{Event_name}}
MTLS Itau|2748377|MTLS Itau||Your request: {{Event_name}}
MTLS NEO|2748377|MTLS NEO||Your request: {{Event_name}}
MTLS SNB|2748377|MTLS SNB||Your request: {{Event_name}}
Natwest Black|2748377|Natwest Black||Your request: {{Event_name}}
Navy Federal Union|2748377|Navy Federal Union||Your request: {{Event_name}}
Nomura|2748377|Nomura||Your request: {{Event_name}}
OCBC|2748377|OCBC||Your request: {{Event_name}}
Qorbis|2748377|Qorbis||Your request: {{Event_name}}
Royal Bank of Canada|2748377|Royal Bank of Canada||Your request: {{Event_name}}
Royal Bank of Scotland Black|2748377|Royal Bank of Scotland Black||Your request: {{Event_name}}
Santander Private Banking|2748377|Santander Private Banking||Your request: {{Event_name}}
Scotia|2748377|Scotia||Your request: {{Event_name}}
Scotiabank Gold American Express®|2748377|Scotiabank Gold American Express®||Your request: {{Event_name}}
Scotiabank Platinum American Express|2748377|Scotiabank Platinum American Express||Your request: {{Event_name}}
SJP|2748377|SJP||Your request: {{Event_name}}
SMCC|2748377|SMCC||Your request: {{Event_name}}
SPW|2748377|SPW||Your request: {{Event_name}}
Standard Chartered|2748377|Standard Chartered||Your request: {{Event_name}}
St George [WP]|2748377|St George [WP]||Your request: {{Event_name}}
Swisscard|2748377|Swisscard||Your request: {{Event_name}}
Swisscard Centurion|2748377|Swisscard Centurion||Your request: {{Event_name}}
Ten|2748377|Ten||Your request: {{Event_name}}
Ten Explore|2748377|Ten Explore||Your request: {{Event_name}}
The Bank of East Asia|2748377|The Bank of East Asia||Your request: {{Event_name}}
Visa CEMEA|2748377|Visa CEMEA||Your request: {{Event_name}}
Visa LAC|2748377|Visa LAC||Your request: {{Event_name}}
Visa Trial|2748377|Visa Trial||Your request: {{Event_name}}
Visa US|2748377|Visa US||Your request: {{Event_name}}
Wells Fargo|2748377|Wells Fargo||Your request: {{Event_name}}
Wells Fargo The Private Bank|2748377|Wells Fargo The Private Bank||Your request: {{Event_name}}
Westpac|2748377|Westpac||Your request: {{Event_name}}
Europe Arab Bank|2748377|Europe Arab Bank||{{Event_name}}: you’ve been added to the waiting list
Ginza Six Card|2748377|Ginza Six Card||{{Event_name}}: you’ve been added to the waiting list
HSBC|2748377|HSBC||{{Event_name}}: you’ve been added to the waiting list
Luxury Card|2748377|Luxury Card||{{Event_name}}: you’ve been added to the waiting list
Manulife|2748377|Manulife||{{Event_name}}: you’ve been added to the waiting list
MTLS NEO|2748377|MTLS NEO||{{Event_name}}: you’ve been added to the waiting list
Natwest Black|2748377|Natwest Black||{{Event_name}}: you’ve been added to the waiting list
Qorbis|2748377|Qorbis||{{Event_name}}: you’ve been added to the waiting list
Royal Bank of Scotland Black|2748377|Royal Bank of Scotland Black||{{Event_name}}: you’ve been added to the waiting list
Santander Private Banking|2748377|Santander Private Banking||{{Event_name}}: you’ve been added to the waiting list
SMCC|2748377|SMCC||{{Event_name}}: you’ve been added to the waiting list
Ten|2748377|Ten||{{Event_name}}: you’ve been added to the waiting list
Ten Explore|2748377|Ten Explore||{{Event_name}}: you’ve been added to the waiting list
Visa Trial|2748377|Visa Trial||{{Event_name}}: you’ve been added to the waiting list
Visa US|2748377|Visa US||{{Event_name}}: you’ve been added to the waiting list
Wells Fargo The Private Bank|2748377|Wells Fargo The Private Bank||{{Event_name}}: you’ve been added to the waiting list
BAC|2748377|BAC||[new Member] - {{site_id}} - {{site_name}}
Europe Arab Bank|2748377|Europe Arab Bank||[new Member] - {{site_id}} - {{site_name}}
Ginza Six Card|2748377|Ginza Six Card||[new Member] - {{site_id}} - {{site_name}}
Luxury Card|2748377|Luxury Card||[new Member] - {{site_id}} - {{site_name}}
Manulife|2748377|Manulife||[new Member] - {{site_id}} - {{site_name}}
Morgan Stanley|2748377|Morgan Stanley||[new Member] - {{site_id}} - {{site_name}}
Natwest Black|2748377|Natwest Black||[new Member] - {{site_id}} - {{site_name}}
Royal Bank of Scotland Black|2748377|Royal Bank of Scotland Black||[new Member] - {{site_id}} - {{site_name}}
Santander Private Banking|2748377|Santander Private Banking||[new Member] - {{site_id}} - {{site_name}}
SJP|2748377|SJP|326|[New St. James’s Place Member] - {{site_id}} - {{site_name}}
SMCC|2748377|SMCC||[new Member] - {{site_id}} - {{site_name}}
SPW|2748377|SPW|389|[New SPW Member] - {{site_id}} - {{site_name}}
Ten|2748377|Ten||[new Member] - {{site_id}} - {{site_name}}
Ten Explore|2748377|Ten Explore||[new Member] - {{site_id}} - {{site_name}}
The Bank of East Asia|2748377|The Bank of East Asia|339, 341|oi
Visa Trial|2748377|Visa Trial||[new Member] - {{site_id}} - {{site_name}}
Visa US|2748377|Visa US||[new Member] - {{site_id}} - {{site_name}}
Wells Fargo The Private Bank|2748377|Wells Fargo The Private Bank||[new Member] - {{site_id}} - {{site_name}}
ABSA|2748377|ABSA||Your exclusive dining benefits: {{restaurant_name}}
Alphacard|2748377|Alphacard||Your exclusive dining benefits: {{restaurant_name}}
Alphacard Centurion|2748377|Alphacard Centurion||Your exclusive dining benefits: {{restaurant_name}}
Bank of Melbourne [WP]|2748377|Bank of Melbourne [WP]||Your exclusive dining benefits: {{restaurant_name}}
Bank SA [WP]|2748377|Bank SA [WP]||Your exclusive dining benefits: {{restaurant_name}}
Barclaycard|2748377|Barclaycard||Your exclusive dining benefits: {{restaurant_name}}
Barclays|2748377|Barclays||Your exclusive dining benefits: {{restaurant_name}}
Credit Saison|2748377|Credit Saison||Your exclusive dining benefits: {{restaurant_name}}
Credit Saison Diamond|2748377|Credit Saison Diamond||Your exclusive dining benefits: {{restaurant_name}}
Discover|2748377|Discover||Your exclusive dining benefits: {{restaurant_name}}
DNB|2748377|DNB||Your exclusive dining benefits: {{restaurant_name}}
Europe Arab Bank|2748377|Europe Arab Bank||Your exclusive dining benefits: {{restaurant_name}}
Ginza Six Card|2748377|Ginza Six Card||Your exclusive dining benefits: {{restaurant_name}}
HSBC|2748377|HSBC||Your exclusive dining benefits: {{restaurant_name}}
HSBC Infinite|2748377|HSBC Infinite||Your exclusive dining benefits: {{restaurant_name}}
Manulife|2748377|Manulife||Your exclusive dining benefits: {{restaurant_name}}
Natwest Black|2748377|Natwest Black||Your exclusive dining benefits: {{restaurant_name}}
Nomura|2748377|Nomura||Your exclusive dining benefits: {{restaurant_name}}
Royal Bank of Canada|2748377|Royal Bank of Canada||Your exclusive dining benefits: {{restaurant_name}}
Royal Bank of Scotland Black|2748377|Royal Bank of Scotland Black||Your exclusive dining benefits: {{restaurant_name}}
Santander Private Banking|2748377|Santander Private Banking||Your exclusive dining benefits: {{restaurant_name}}
Scotia|2748377|Scotia||Your exclusive dining benefits: {{restaurant_name}}
Scotiabank Gold American Express®|2748377|Scotiabank Gold American Express®||Your exclusive dining benefits: {{restaurant_name}}
Scotiabank Platinum American Express|2748377|Scotiabank Platinum American Express||Your exclusive dining benefits: {{restaurant_name}}
SJP|2748377|SJP||Your exclusive dining benefits: {{restaurant_name}}
SMCC|2748377|SMCC||Your exclusive dining benefits: {{restaurant_name}}
Standard Chartered|2748377|Standard Chartered||Your exclusive dining benefits: {{restaurant_name}}
St George [WP]|2748377|St George [WP]||Your exclusive dining benefits: {{restaurant_name}}
Swisscard|2748377|Swisscard||Your exclusive dining benefits: {{restaurant_name}}
Swisscard Centurion|2748377|Swisscard Centurion||Your exclusive dining benefits: {{restaurant_name}}
Ten|2748377|Ten||Your exclusive dining benefits: {{restaurant_name}}
Ten Explore|2748377|Ten Explore||Your exclusive dining benefits: {{restaurant_name}}
Visa CEMEA|2748377|Visa CEMEA||Your exclusive dining benefits: {{restaurant_name}}
Visa US|2748377|Visa US||Your exclusive dining benefits: {{restaurant_name}}
Westpac|2748377|Westpac||Your exclusive dining benefits: {{restaurant_name}}
Alphacard|2748377|Alphacard||Preference Tracking Activity Confirmation
Alphacard Centurion|2748377|Alphacard Centurion||Preference Tracking Activity Confirmation
BAC|2748377|BAC||Preference Tracking Activity Confirmation
Bank of Melbourne [WP]|2748377|Bank of Melbourne [WP]||Preference Tracking Activity Confirmation
Bank SA [WP]|2748377|Bank SA [WP]||Preference Tracking Activity Confirmation
BCG|2748377|BCG||Preference Tracking Activity Confirmation
Coutts|2748377|Coutts||Preference Tracking Activity Confirmation
Credit One|2748377|Credit One||Preference Tracking Activity Confirmation
DBS AMEX|2748377|DBS AMEX||Preference Tracking Activity Confirmation
Dillards|2748377|Dillards||Preference Tracking Activity Confirmation
Discover|2748377|Discover||Preference Tracking Activity Confirmation
Europe Arab Bank|2748377|Europe Arab Bank||Preference Tracking Activity Confirmation
Ginza Six Card|2748377|Ginza Six Card||Preference Tracking Activity Confirmation
HSBC|2748377|HSBC||Preference Tracking Activity Confirmation
Luxury Card|2748377|Luxury Card||Preference Tracking Activity Confirmation
Manulife|2748377|Manulife||Preference Tracking Activity Confirmation
Mastercard|2748377|Mastercard||Preference Tracking Activity Confirmation
Mastercard Citi|2748377|Mastercard Citi||Preference Tracking Activity Confirmation
Mastercard RAK|2748377|Mastercard RAK||Preference Tracking Activity Confirmation
Morgan Stanley|2748377|Morgan Stanley||Preference Tracking Activity Confirmation
MTLS Itau|2748377|MTLS Itau||Preference Tracking Activity Confirmation
MTLS NEO|2748377|MTLS NEO||Preference Tracking Activity Confirmation
MTLS SNB|2748377|MTLS SNB||Preference Tracking Activity Confirmation
Natwest Black|2748377|Natwest Black||Preference Tracking Activity Confirmation
Qorbis|2748377|Qorbis||Preference Tracking Activity Confirmation
Royal Bank of Scotland Black|2748377|Royal Bank of Scotland Black||Preference Tracking Activity Confirmation
Santander Private Banking|2748377|Santander Private Banking||Preference Tracking Activity Confirmation
Scotia|2748377|Scotia||Preference Tracking Activity Confirmation
Scotiabank Gold American Express®|2748377|Scotiabank Gold American Express®|425, 423|Preference Tracking Activity Confirmation
Scotiabank Platinum American Express|2748377|Scotiabank Platinum American Express|422, 421|Preference Tracking Activity Confirmation
SJP|2748377|SJP||Preference Tracking Activity Confirmation
SMCC|2748377|SMCC||Preference Tracking Activity Confirmation
SPW|2748377|SPW||Preference Tracking Activity Confirmation
Standard Chartered|2748377|Standard Chartered||Preference Tracking Activity Confirmation
St George [WP]|2748377|St George [WP]||Preference Tracking Activity Confirmation
Swisscard|2748377|Swisscard||Preference Tracking Activity Confirmation
Swisscard Centurion|2748377|Swisscard Centurion||Preference Tracking Activity Confirmation
Ten|2748377|Ten||Preference Tracking Activity Confirmation
Ten Explore|2748377|Ten Explore||Preference Tracking Activity Confirmation
The Bank of East Asia|2748377|The Bank of East Asia||Preference Tracking Activity Confirmation
Visa Trial|2748377|Visa Trial||Preference Tracking Activity Confirmation
Visa US|2748377|Visa US||Preference Tracking Activity Confirmation
Wells Fargo The Private Bank|2748377|Wells Fargo The Private Bank||Preference Tracking Activity Confirmation
Westpac|2748377|Westpac||Preference Tracking Activity Confirmation
ABSA|2748377|ABSA||Reservation requested: {{Restaurant_name}}
Alphacard|2748377|Alphacard||Reservation requested: {{Restaurant_name}}
Alphacard Centurion|2748377|Alphacard Centurion||Reservation requested: {{Restaurant_name}}
BAC|2748377|BAC||Reservation requested: {{Restaurant_name}}
Banco Pichincha|2748377|Banco Pichincha||Reservation requested: {{Restaurant_name}}
Bank of Melbourne [WP]|2748377|Bank of Melbourne [WP]||Reservation requested: {{Restaurant_name}}
Bank SA [WP]|2748377|Bank SA [WP]||Reservation requested: {{Restaurant_name}}
Barclaycard|2748377|Barclaycard||Reservation requested: {{Restaurant_name}}
Barclays|2748377|Barclays||Reservation requested: {{Restaurant_name}}
BCG|2748377|BCG||Reservation requested: {{Restaurant_name}}
City National Bank|2748377|City National Bank||Reservation requested: {{Restaurant_name}}
Coutts|2748377|Coutts||Reservation requested: {{Restaurant_name}}
Credit One|2748377|Credit One||Reservation requested: {{Restaurant_name}}
Credit Saison|2748377|Credit Saison||Reservation requested: {{Restaurant_name}}
Credit Saison Diamond|2748377|Credit Saison Diamond||Reservation requested: {{Restaurant_name}}
DBS AMEX|2748377|DBS AMEX||Reservation requested: {{Restaurant_name}}
Dillards|2748377|Dillards||Reservation requested: {{Restaurant_name}}
Discover|2748377|Discover||Reservation requested: {{Restaurant_name}}
DNB|2748377|DNB||Reservation requested: {{Restaurant_name}}
Europe Arab Bank|2748377|Europe Arab Bank||Reservation requested: {{Restaurant_name}}
Ginza Six Card|2748377|Ginza Six Card||Reservation requested: {{Restaurant_name}}
HSBC|2748377|HSBC||Reservation requested: {{Restaurant_name}}
HSBC Infinite|2748377|HSBC Infinite||Reservation requested: {{Restaurant_name}}
Luxury Card|2748377|Luxury Card||Reservation requested: {{Restaurant_name}}
Manulife|2748377|Manulife||Reservation requested: {{Restaurant_name}}
Mastercard|2748377|Mastercard||Reservation requested: {{Restaurant_name}}
Mastercard Citi|2748377|Mastercard Citi||Reservation requested: {{Restaurant_name}}
Mastercard RAK|2748377|Mastercard RAK||Reservation requested: {{Restaurant_name}}
Morgan Stanley|2748377|Morgan Stanley||Reservation requested: {{Restaurant_name}}
MTLS Itau|2748377|MTLS Itau||Reservation requested: {{Restaurant_name}}
MTLS NEO|2748377|MTLS NEO||Reservation requested: {{Restaurant_name}}
MTLS SNB|2748377|MTLS SNB||Reservation requested: {{Restaurant_name}}
Natwest Black|2748377|Natwest Black||Reservation requested: {{Restaurant_name}}
Navy Federal Union|2748377|Navy Federal Union||Reservation requested: {{Restaurant_name}}
Nomura|2748377|Nomura||Reservation requested: {{Restaurant_name}}
OCBC|2748377|OCBC|274, 273, 249|Reservation requested: {{Restaurant_name}}
Qorbis|2748377|Qorbis||Reservation requested: {{Restaurant_name}}
Royal Bank of Canada|2748377|Royal Bank of Canada||Reservation requested: {{Restaurant_name}}
Royal Bank of Scotland Black|2748377|Royal Bank of Scotland Black||Reservation requested: {{Restaurant_name}}
Santander Private Banking|2748377|Santander Private Banking||Reservation requested: {{Restaurant_name}}
Scotia|2748377|Scotia||Reservation requested: {{Restaurant_name}}
Scotiabank Gold American Express®|2748377|Scotiabank Gold American Express®|425, 423|Reservation requested: {{Restaurant_name}}
Scotiabank Platinum American Express|2748377|Scotiabank Platinum American Express|421, 422|Reservation requested: {{Restaurant_name}}
SJP|2748377|SJP||Reservation requested: {{Restaurant_name}}
SMCC|2748377|SMCC||Reservation requested: {{Restaurant_name}}
SPW|2748377|SPW||Reservation requested: {{Restaurant_name}}
Standard Chartered|2748377|Standard Chartered||Reservation requested: {{Restaurant_name}}
St George [WP]|2748377|St George [WP]||Reservation requested: {{Restaurant_name}}
Swisscard|2748377|Swisscard||Reservation requested: {{Restaurant_name}}
Swisscard Centurion|2748377|Swisscard Centurion||Reservation requested: {{Restaurant_name}}
Ten|2748377|Ten||Reservation requested: {{Restaurant_name}}
Ten Explore|2748377|Ten Explore||Reservation requested: {{Restaurant_name}}
The Bank of East Asia|2748377|The Bank of East Asia||Reservation requested: {{Restaurant_name}}
Visa CEMEA|2748377|Visa CEMEA||Reservation requested: {{Restaurant_name}}
Visa LAC|2748377|Visa LAC||Reservation requested: {{Restaurant_name}}
Visa Trial|2748377|Visa Trial||Reservation requested: {{Restaurant_name}}
Visa US|2748377|Visa US||Reservation requested: {{Restaurant_name}}
Wells Fargo|2748377|Wells Fargo||Reservation requested: {{Restaurant_name}}
Wells Fargo The Private Bank|2748377|Wells Fargo The Private Bank||Reservation requested: {{Restaurant_name}}
Westpac|2748377|Westpac||Reservation requested: {{Restaurant_name}}
ABSA|2748377|ABSA||Your ticket request: {{Event_name}}
Alphacard|2748377|Alphacard||Your ticket request: {{Event_name}}
Alphacard Centurion|2748377|Alphacard Centurion||Your ticket request: {{Event_name}}
BAC|2748377|BAC||Your ticket request: {{Event_name}}
Banco Pichincha|2748377|Banco Pichincha||Your ticket request: {{Event_name}}
Bank of Melbourne [WP]|2748377|Bank of Melbourne [WP]||Your ticket request: {{Event_name}}
Bank SA [WP]|2748377|Bank SA [WP]||Your ticket request: {{Event_name}}
Barclaycard|2748377|Barclaycard||Your ticket request: {{Event_name}}
Barclays|2748377|Barclays||Your ticket request: {{Event_name}}
BCG|2748377|BCG||Your ticket request: {{Event_name}}
City National Bank|2748377|City National Bank||Your ticket request: {{Event_name}}
Coutts|2748377|Coutts||Request Ticket Booking
Credit One|2748377|Credit One||Your ticket request: {{Event_name}}
Credit Saison|2748377|Credit Saison||Your ticket request: {{Event_name}}
Credit Saison Diamond|2748377|Credit Saison Diamond||Your ticket request: {{Event_name}}
DBS AMEX|2748377|DBS AMEX||Your ticket request: {{Event_name}}
Dillards|2748377|Dillards||Your ticket request: {{Event_name}}
Discover|2748377|Discover||Your ticket request: {{Event_name}}
DNB|2748377|DNB||Your ticket request: {{Event_name}}
Europe Arab Bank|2748377|Europe Arab Bank||Your ticket request: {{Event_name}}
Ginza Six Card|2748377|Ginza Six Card||Your ticket request: {{Event_name}}
HSBC|2748377|HSBC||Your ticket request: {{Event_name}}
HSBC Infinite|2748377|HSBC Infinite||Your ticket request: {{Event_name}}
Luxury Card|2748377|Luxury Card||Your ticket request: {{Event_name}}
Manulife|2748377|Manulife||Your ticket request: {{Event_name}}
Mastercard|2748377|Mastercard||Your ticket request: {{Event_name}}
Mastercard Citi|2748377|Mastercard Citi||Your ticket request: {{Event_name}}
Mastercard RAK|2748377|Mastercard RAK||Your ticket request: {{Event_name}}
Morgan Stanley|2748377|Morgan Stanley||Your ticket request: {{Event_name}}
MTLS Itau|2748377|MTLS Itau||Your ticket request: {{Event_name}}
MTLS NEO|2748377|MTLS NEO||Your ticket request: {{Event_name}}
MTLS SNB|2748377|MTLS SNB||Your ticket request: {{Event_name}}
Natwest Black|2748377|Natwest Black||Your ticket request: {{Event_name}}
Navy Federal Union|2748377|Navy Federal Union||Your ticket request: {{Event_name}}
Nomura|2748377|Nomura||Your ticket request: {{Event_name}}
OCBC|2748377|OCBC|249|Request Ticket Booking
OCBC|2748377|OCBC|274, 273|Your ticket request: {{Event_name}}
Qorbis|2748377|Qorbis||Your ticket request: {{Event_name}}
Royal Bank of Canada|2748377|Royal Bank of Canada||Your ticket request: {{Event_name}}
Royal Bank of Scotland Black|2748377|Royal Bank of Scotland Black||Your ticket request: {{Event_name}}
Santander Private Banking|2748377|Santander Private Banking||Your ticket request: {{Event_name}}
Scotia|2748377|Scotia||Your ticket request: {{Event_name}}
Scotiabank Gold American Express®|2748377|Scotiabank Gold American Express®|425, 423|Your ticket request: {{Event_name}}
Scotiabank Platinum American Express|2748377|Scotiabank Platinum American Express|421, 422|Your ticket request: {{Event_name}}
SJP|2748377|SJP||Your ticket request: {{Event_name}}
SMCC|2748377|SMCC||Your ticket request: {{Event_name}}
SPW|2748377|SPW||Your ticket request: {{Event_name}}
Standard Chartered|2748377|Standard Chartered||Your ticket request: {{Event_name}}
St George [WP]|2748377|St George [WP]||Your ticket request: {{Event_name}}
Swisscard|2748377|Swisscard||Your ticket request: {{Event_name}}
Swisscard Centurion|2748377|Swisscard Centurion||Your ticket request: {{Event_name}}
Ten|2748377|Ten||Your ticket request: {{Event_name}}
Ten Explore|2748377|Ten Explore||Your ticket request: {{Event_name}}
The Bank of East Asia|2748377|The Bank of East Asia||Your ticket request: {{Event_name}}
Visa CEMEA|2748377|Visa CEMEA||Your ticket request: {{Event_name}}
Visa LAC|2748377|Visa LAC||Your ticket request: {{Event_name}}
Visa Trial|2748377|Visa Trial||Your ticket request: {{Event_name}}
Visa US|2748377|Visa US||Your ticket request: {{Event_name}}
Wells Fargo|2748377|Wells Fargo||Your ticket request: {{Event_name}}
Wells Fargo The Private Bank|2748377|Wells Fargo The Private Bank||Your ticket request: {{Event_name}}
Westpac|2748377|Westpac||Your ticket request: {{Event_name}}
ABSA|2748377|ABSA||Forgotten password
Alphacard|2748377|Alphacard||Forgotten password
Alphacard Centurion|2748377|Alphacard Centurion||Forgotten password
BAC|2748377|BAC||Forgotten password
Banco Pichincha|2748377|Banco Pichincha||Forgotten password
Bank of Melbourne [WP]|2748377|Bank of Melbourne [WP]||Forgotten password
Bank SA [WP]|2748377|Bank SA [WP]||Forgotten password
Barclaycard|2748377|Barclaycard||You've reset your password
Barclays|2748377|Barclays||You've reset your password
BCG|2748377|BCG||Forgotten password
City National Bank|2748377|City National Bank||Forgotten password
Coutts|2748377|Coutts||Forgotten password
Credit One|2748377|Credit One||Forgotten password
Credit Saison|2748377|Credit Saison||Reset your password
Credit Saison Diamond|2748377|Credit Saison Diamond||Reset your password
Credit Saison Premium|2748377|Credit Saison Premium||Reset your password
DBS AMEX|2748377|DBS AMEX||Forgotten password
Dillards|2748377|Dillards||Forgotten password
Discover|2748377|Discover||Forgotten password
DNB|2748377|DNB||Reset password
Europe Arab Bank|2748377|Europe Arab Bank||Reset your password
Ginza Six Card|2748377|Ginza Six Card||Forgotten password
HSBC|2748377|HSBC||Reset your password
HSBC Infinite|2748377|HSBC Infinite||Forgotten password
Luxury Card|2748377|Luxury Card||Reset your password
Manulife|2748377|Manulife||Reset your password
Mastercard|2748377|Mastercard||Reset your password
Mastercard Citi|2748377|Mastercard Citi||Forgotten password
Mastercard RAK|2748377|Mastercard RAK||Forgotten password
Morgan Stanley|2748377|Morgan Stanley||Forgotten password
MTLS Itau|2748377|MTLS Itau||Forgotten password
MTLS NEO|2748377|MTLS NEO||Reset your password
MTLS SNB|2748377|MTLS SNB||Reset your password
Navy Federal Union|2748377|Navy Federal Union||Forgotten password
Nomura|2748377|Nomura||Reset your password
OCBC|2748377|OCBC|249|Forgotten password
OCBC|2748377|OCBC|273, 274|Reset your password
Qorbis|2748377|Qorbis||Forgotten password
Royal Bank of Canada|2748377|Royal Bank of Canada||Reset your password
Royal Bank of Scotland Black|2748377|Royal Bank of Scotland Black||Reset your password
Santander Private Banking|2748377|Santander Private Banking||Reset your password
Scotia|2748377|Scotia||Reset your password
Scotiabank Gold American Express®|2748377|Scotiabank Gold American Express®|423, 425|Reset your password
Scotiabank Platinum American Express|2748377|Scotiabank Platinum American Express|422, 421|Reset your password
SJP|2748377|SJP||Forgotten password
SMCC|2748377|SMCC||Reset your password
SPW|2748377|SPW||Forgotten password
Standard Chartered|2748377|Standard Chartered||Reset your password
St George [WP]|2748377|St George [WP]||Forgotten password
Swisscard|2748377|Swisscard||Reset your password
Swisscard Centurion|2748377|Swisscard Centurion||Reset your password
Ten|2748377|Ten||Forgotten password
Ten Explore|2748377|Ten Explore||Reset your password
The Bank of East Asia|2748377|The Bank of East Asia||Forgotten password
Visa CEMEA|2748377|Visa CEMEA||Reset your password
Visa LAC|2748377|Visa LAC||Forgotten password
Visa Trial|2748377|Visa Trial||Forgotten password
Visa US|2748377|Visa US||Reset your password
Wells Fargo|2748377|Wells Fargo||Forgotten password
Wells Fargo The Private Bank|2748377|Wells Fargo The Private Bank||Forgotten password
Westpac|2748377|Westpac||Forgotten password
Alphacard|2748377|Alphacard||AX Plat T&L
Alphacard Centurion|2748377|Alphacard Centurion||AX Plat T&L
Swisscard|2748377|Swisscard|317, 316, 315|AX Plat T&L
Swisscard Centurion|2748377|Swisscard Centurion|338|Centurion
ABSA|2748377|ABSA||Restaurant Booking Confirmation: {{Restaurant_name}}
Alphacard|2748377|Alphacard||Restaurant Booking Confirmation: {{Restaurant_name}}
Alphacard Centurion|2748377|Alphacard Centurion||Restaurant Booking Confirmation: {{Restaurant_name}}
BAC|2748377|BAC||Restaurant Booking Confirmation: {{Restaurant_name}}
Banco Pichincha|2748377|Banco Pichincha||Restaurant Booking Confirmation: {{Restaurant_name}}
Bank of Melbourne [WP]|2748377|Bank of Melbourne [WP]||Restaurant Booking Confirmation: {{Restaurant_name}}
Bank SA [WP]|2748377|Bank SA [WP]||Restaurant Booking Confirmation: {{Restaurant_name}}
Barclaycard|2748377|Barclaycard||Restaurant Booking Confirmation: {{Restaurant_name}}
Barclays|2748377|Barclays||Restaurant Booking Confirmation: {{Restaurant_name}}
BCG|2748377|BCG||Restaurant Booking Confirmation: {{Restaurant_name}}
City National Bank|2748377|City National Bank||Restaurant Booking Confirmation: {{Restaurant_name}}
Coutts|2748377|Coutts||Restaurant Booking Confirmation: {{Restaurant_name}}
Credit One|2748377|Credit One||Restaurant Booking Confirmation: {{Restaurant_name}}
Credit Saison|2748377|Credit Saison||Restaurant Booking Confirmation: {{Restaurant_name}}
Credit Saison Diamond|2748377|Credit Saison Diamond||Restaurant Booking Confirmation: {{Restaurant_name}}
DBS AMEX|2748377|DBS AMEX||Restaurant Booking Confirmation: {{Restaurant_name}}
Dillards|2748377|Dillards||Restaurant Booking Confirmation: {{Restaurant_name}}
Discover|2748377|Discover||Restaurant Booking Confirmation: {{Restaurant_name}}
DNB|2748377|DNB||Restaurant Booking Confirmation: {{Restaurant_name}}
Europe Arab Bank|2748377|Europe Arab Bank||Restaurant Booking Confirmation: {{Restaurant_name}}
Ginza Six Card|2748377|Ginza Six Card||Restaurant Booking Confirmation: {{Restaurant_name}}
HSBC|2748377|HSBC||Restaurant Booking Confirmation: {{Restaurant_name}}
HSBC Infinite|2748377|HSBC Infinite||Restaurant Booking Confirmation: {{Restaurant_name}}
Luxury Card|2748377|Luxury Card||Restaurant Booking Confirmation: {{Restaurant_name}}
Manulife|2748377|Manulife||Restaurant Booking Confirmation: {{Restaurant_name}}
Mastercard|2748377|Mastercard||Restaurant Booking Confirmation: {{Restaurant_name}}
Mastercard Citi|2748377|Mastercard Citi||Restaurant Booking Confirmation: {{Restaurant_name}}
Mastercard RAK|2748377|Mastercard RAK||Restaurant Booking Confirmation: {{Restaurant_name}}
Morgan Stanley|2748377|Morgan Stanley||Restaurant Booking Confirmation: {{Restaurant_name}}
MTLS Itau|2748377|MTLS Itau||Restaurant Booking Confirmation: {{Restaurant_name}}
MTLS NEO|2748377|MTLS NEO||Restaurant Booking Confirmation: {{Restaurant_name}}
MTLS SNB|2748377|MTLS SNB||Restaurant Booking Confirmation: {{Restaurant_name}}
Natwest Black|2748377|Natwest Black||Restaurant Booking Confirmation: {{Restaurant_name}}
Navy Federal Union|2748377|Navy Federal Union||Restaurant Booking Confirmation: {{Restaurant_name}}
Nomura|2748377|Nomura||Restaurant Booking Confirmation: {{Restaurant_name}}
OCBC|2748377|OCBC||Restaurant Booking Confirmation: {{Restaurant_name}}
Qorbis|2748377|Qorbis||Restaurant Booking Confirmation: {{Restaurant_name}}
Royal Bank of Canada|2748377|Royal Bank of Canada||Restaurant Booking Confirmation: {{Restaurant_name}}
Royal Bank of Scotland Black|2748377|Royal Bank of Scotland Black||Restaurant Booking Confirmation: {{Restaurant_name}}
Santander Private Banking|2748377|Santander Private Banking||Restaurant Booking Confirmation: {{Restaurant_name}}
Scotia|2748377|Scotia||Restaurant Booking Confirmation: {{Restaurant_name}}
Scotiabank Gold American Express®|2748377|Scotiabank Gold American Express®|423, 425|Restaurant Booking Confirmation: {{Restaurant_name}}
Scotiabank Platinum American Express|2748377|Scotiabank Platinum American Express|422, 421|Restaurant Booking Confirmation: {{Restaurant_name}}
SJP|2748377|SJP||Restaurant Booking Confirmation: {{Restaurant_name}}
SMCC|2748377|SMCC||Restaurant Booking Confirmation: {{Restaurant_name}}
SPW|2748377|SPW||Restaurant Booking Confirmation: {{Restaurant_name}}
Standard Chartered|2748377|Standard Chartered||Restaurant Booking Confirmation: {{Restaurant_name}}
St George [WP]|2748377|St George [WP]||Restaurant Booking Confirmation: {{Restaurant_name}}
Swisscard|2748377|Swisscard||Restaurant Booking Confirmation: {{Restaurant_name}}
Ten|2748377|Ten||Restaurant Booking Confirmation: {{Restaurant_name}}
Ten Explore|2748377|Ten Explore||Restaurant Booking Confirmation: {{Restaurant_name}}
The Bank of East Asia|2748377|The Bank of East Asia||Restaurant Booking Confirmation: {{Restaurant_name}}
Visa CEMEA|2748377|Visa CEMEA||Restaurant Booking Confirmation: {{Restaurant_name}}
Visa LAC|2748377|Visa LAC||Restaurant Booking Confirmation: {{Restaurant_name}}
Visa Trial|2748377|Visa Trial||Restaurant Booking Confirmation: {{Restaurant_name}}
Visa US|2748377|Visa US||Restaurant Booking Confirmation: {{Restaurant_name}}
Wells Fargo|2748377|Wells Fargo||Restaurant Booking Confirmation: {{Restaurant_name}}
Wells Fargo The Private Bank|2748377|Wells Fargo The Private Bank||Restaurant Booking Confirmation: {{Restaurant_name}}
Westpac|2748377|Westpac||Restaurant Booking Confirmation: {{Restaurant_name}}
ABSA|2748377|ABSA||Your online registration
Alphacard|2748377|Alphacard||Your online registration
Alphacard Centurion|2748377|Alphacard Centurion||Your online registration
BAC|2748377|BAC||Your online registration
Bank of Melbourne [WP]|2748377|Bank of Melbourne [WP]||Your online registration
Bank SA [WP]|2748377|Bank SA [WP]||Your online registration
Barclaycard|2748377|Barclaycard||Your online registration
Barclays|2748377|Barclays||Your online registration
BCG|2748377|BCG||Your online registration
City National Bank|2748377|City National Bank||Your online registration
Coutts|2748377|Coutts||Ten MAID Member job request/Member Registration failed to update in Ten MAID - Please manually setup in Ten MAID.
Credit One|2748377|Credit One||Your online registration
Credit Saison|2748377|Credit Saison||Your online registration
Credit Saison Diamond|2748377|Credit Saison Diamond||Your online registration
DBS AMEX|2748377|DBS AMEX||Your online registration
Dillards|2748377|Dillards||Your online registration
Discover|2748377|Discover||Your online registration
DNB|2748377|DNB||Your online registration
Europe Arab Bank|2748377|Europe Arab Bank||Your online registration
Ginza Six Card|2748377|Ginza Six Card||Your online registration
HSBC|2748377|HSBC||Ten MAID Member job request/Member Registration failed to update in Ten MAID - Please manually setup in Ten MAID.
HSBC Infinite|2748377|HSBC Infinite||Your online registration
Luxury Card|2748377|Luxury Card||Your online registration
Manulife|2748377|Manulife||Your online registration
Mastercard|2748377|Mastercard||Your online registration
Mastercard Citi|2748377|Mastercard Citi||Your online registration
Mastercard RAK|2748377|Mastercard RAK||Your online registration
Morgan Stanley|2748377|Morgan Stanley||Your online registration
MTLS Itau|2748377|MTLS Itau||Your online registration
MTLS NEO|2748377|MTLS NEO||Your online registration
MTLS SNB|2748377|MTLS SNB||Your online registration
Natwest Black|2748377|Natwest Black||Your online registration
Navy Federal Union|2748377|Navy Federal Union||Your online registration
Nomura|2748377|Nomura||Your online registration
Qorbis|2748377|Qorbis||Your online registration
Royal Bank of Canada|2748377|Royal Bank of Canada||Ten MAID Member job request/Member Registration failed to update in Ten MAID - Please manually setup in Ten MAID.
Royal Bank of Scotland Black|2748377|Royal Bank of Scotland Black||Your online registration
Santander Private Banking|2748377|Santander Private Banking||Your online registration
Scotia|2748377|Scotia||Your online registration
Scotiabank Gold American Express®|2748377|Scotiabank Gold American Express®|423, 425|Your online registration
Scotiabank Platinum American Express|2748377|Scotiabank Platinum American Express|421, 422|Your online registration
SJP|2748377|SJP||Your online registration
SMCC|2748377|SMCC||Your online registration
SPW|2748377|SPW||Your online registration
Standard Chartered|2748377|Standard Chartered||Ten MAID Member job request/Member Registration failed to update in Ten MAID - Please manually setup in Ten MAID.
St George [WP]|2748377|St George [WP]||Your online registration
Swisscard|2748377|Swisscard||Your online registration
Swisscard Centurion|2748377|Swisscard Centurion||Your online registration
Ten|2748377|Ten||Your online registration
Ten Explore|2748377|Ten Explore||Your online registration
The Bank of East Asia|2748377|The Bank of East Asia||Your online registration
Visa Trial|2748377|Visa Trial||Your online registration
Visa US|2748377|Visa US||Your online registration
Wells Fargo|2748377|Wells Fargo||Your online registration
Wells Fargo The Private Bank|2748377|Wells Fargo The Private Bank||Your online registration
Westpac|2748377|Westpac||Your online registration
ABSA|2748377|ABSA||Your booking confirmation: {{Event_name}}
Alphacard|2748377|Alphacard||Your booking confirmation: {{Event_name}}
Alphacard Centurion|2748377|Alphacard Centurion||Your booking confirmation: {{Event_name}}
BAC|2748377|BAC||Your booking confirmation: {{Event_name}}
Banco Pichincha|2748377|Banco Pichincha||Your booking confirmation: {{Event_name}}
Bank of Melbourne [WP]|2748377|Bank of Melbourne [WP]||Your booking confirmation: {{Event_name}}
Bank SA [WP]|2748377|Bank SA [WP]||Your booking confirmation: {{Event_name}}
Barclaycard|2748377|Barclaycard||Your booking confirmation: {{Event_name}}
Barclays|2748377|Barclays||Your booking confirmation: {{Event_name}}
BCG|2748377|BCG||Your booking confirmation: {{Event_name}}
City National Bank|2748377|City National Bank||Your booking confirmation: {{Event_name}}
Coutts|2748377|Coutts||Ticket Booking Confirmation
Credit One|2748377|Credit One||Your booking confirmation: {{Event_name}}
Credit Saison|2748377|Credit Saison||Your booking confirmation: {{Event_name}}
Credit Saison Diamond|2748377|Credit Saison Diamond||Your booking confirmation: {{Event_name}}
DBS AMEX|2748377|DBS AMEX||Your booking confirmation: {{Event_name}}
Dillards|2748377|Dillards||Your booking confirmation: {{Event_name}}
Discover|2748377|Discover||Your booking confirmation: {{Event_name}}
DNB|2748377|DNB||Your booking confirmation: {{Event_name}}
Europe Arab Bank|2748377|Europe Arab Bank||Your booking confirmation: {{Event_name}}
Ginza Six Card|2748377|Ginza Six Card||Your booking confirmation: {{Event_name}}
HSBC|2748377|HSBC||Your booking confirmation: {{Event_name}}
HSBC Infinite|2748377|HSBC Infinite||Your booking confirmation: {{Event_name}}
Luxury Card|2748377|Luxury Card||Your booking confirmation: {{Event_name}}
Manulife|2748377|Manulife||Your booking confirmation: {{Event_name}}
Mastercard|2748377|Mastercard|347, 345, 344, 342|Your booking confirmation: {{Event_name}}
Mastercard Citi|2748377|Mastercard Citi||Your booking confirmation: {{Event_name}}
Mastercard RAK|2748377|Mastercard RAK||Your booking confirmation: {{Event_name}}
Morgan Stanley|2748377|Morgan Stanley||Your booking confirmation: {{Event_name}}
MTLS Itau|2748377|MTLS Itau||Your booking confirmation: {{Event_name}}
MTLS NEO|2748377|MTLS NEO||Your booking confirmation: {{Event_name}}
MTLS SNB|2748377|MTLS SNB||Your booking confirmation: {{Event_name}}
Natwest Black|2748377|Natwest Black||Your booking confirmation: {{Event_name}}
Navy Federal Union|2748377|Navy Federal Union||Your booking confirmation: {{Event_name}}
Nomura|2748377|Nomura||Your booking confirmation: {{Event_name}}
OCBC|2748377|OCBC|249|Ticket Booking Confirmation
OCBC|2748377|OCBC|273, 274|Your booking confirmation: {{Event_name}}
Qorbis|2748377|Qorbis||Your booking confirmation: {{Event_name}}
Royal Bank of Canada|2748377|Royal Bank of Canada||Your booking confirmation: {{Event_name}}
Royal Bank of Scotland Black|2748377|Royal Bank of Scotland Black||Your booking confirmation: {{Event_name}}
Santander Private Banking|2748377|Santander Private Banking||Your booking confirmation: {{Event_name}}
Scotia|2748377|Scotia||Your booking confirmation: {{Event_name}}
Scotiabank Gold American Express®|2748377|Scotiabank Gold American Express®|423, 425|Your booking confirmation: {{Event_name}}
Scotiabank Platinum American Express|2748377|Scotiabank Platinum American Express|422, 421|Your booking confirmation: {{Event_name}}
SJP|2748377|SJP||Your booking confirmation: {{Event_name}}
SMCC|2748377|SMCC||Your booking confirmation: {{Event_name}}
SPW|2748377|SPW||Your booking confirmation: {{Event_name}}
Standard Chartered|2748377|Standard Chartered||Your booking confirmation: {{Event_name}}
St George [WP]|2748377|St George [WP]||Your booking confirmation: {{Event_name}}
Swisscard|2748377|Swisscard||Your booking confirmation: {{Event_name}}
Swisscard Centurion|2748377|Swisscard Centurion||Your booking confirmation: {{Event_name}}
Ten|2748377|Ten||Your booking confirmation: {{Event_name}}
Ten Explore|2748377|Ten Explore||Your booking confirmation: {{Event_name}}
The Bank of East Asia|2748377|The Bank of East Asia||Your booking confirmation: {{Event_name}}
Visa CEMEA|2748377|Visa CEMEA||Your booking confirmation: {{Event_name}}
Visa LAC|2748377|Visa LAC||Your booking confirmation: {{Event_name}}
Visa Trial|2748377|Visa Trial||Your booking confirmation: {{Event_name}}
Visa US|2748377|Visa US||Your booking confirmation: {{Event_name}}
Wells Fargo|2748377|Wells Fargo||Your booking confirmation: {{Event_name}}
Wells Fargo The Private Bank|2748377|Wells Fargo The Private Bank||Your booking confirmation: {{Event_name}}
Westpac|2748377|Westpac||Your booking confirmation: {{Event_name}}
ABSA|2748377|ABSA||Online Booking Email Confirmation
Alphacard|2748377|Alphacard||Online Booking Email Confirmation
Alphacard Centurion|2748377|Alphacard Centurion||Online Booking Email Confirmation
BAC|2748377|BAC||Online Booking Email Confirmation
Banco Pichincha|2748377|Banco Pichincha||Online Booking Email Confirmation
Bank of Melbourne [WP]|2748377|Bank of Melbourne [WP]||Online Booking Email Confirmation
Bank SA [WP]|2748377|Bank SA [WP]||Online Booking Email Confirmation
Barclaycard|2748377|Barclaycard||Online Booking Email Confirmation
Barclays|2748377|Barclays||Online Booking Email Confirmation
BCG|2748377|BCG||Online booking email confirmation
City National Bank|2748377|City National Bank||Online Booking Email Confirmation
Credit One|2748377|Credit One||Online Booking Email Confirmation
Credit Saison|2748377|Credit Saison||Online Booking Email Confirmation
Credit Saison Diamond|2748377|Credit Saison Diamond||Online Booking Email Confirmation
DBS AMEX|2748377|DBS AMEX||Online booking email confirmation
Discover|2748377|Discover||Online Booking Email Confirmation
Europe Arab Bank|2748377|Europe Arab Bank||Online booking email confirmation
Ginza Six Card|2748377|Ginza Six Card||Online booking email confirmation
HSBC|2748377|HSBC||Online Booking Email Confirmation
HSBC Infinite|2748377|HSBC Infinite||Online Booking Email Confirmation
Luxury Card|2748377|Luxury Card||Online booking email confirmation
Manulife|2748377|Manulife||Online booking email confirmation
Mastercard|2748377|Mastercard||Online Booking Email Confirmation
Mastercard Citi|2748377|Mastercard Citi||Online Booking Email Confirmation
Morgan Stanley|2748377|Morgan Stanley||Online Booking Email Confirmation
MTLS Itau|2748377|MTLS Itau||Online Booking Email Confirmation
MTLS NEO|2748377|MTLS NEO||Online booking email confirmation
MTLS SNB|2748377|MTLS SNB||Online Booking Email Confirmation
Natwest Black|2748377|Natwest Black||Online booking email confirmation
Navy Federal Union|2748377|Navy Federal Union||Online Booking Email Confirmation
Nomura|2748377|Nomura||Online Booking Email Confirmation
OCBC|2748377|OCBC||Online Booking Email Confirmation
Qorbis|2748377|Qorbis||Online Booking Email Confirmation
Royal Bank of Canada|2748377|Royal Bank of Canada||Online Booking Email Confirmation
Royal Bank of Scotland Black|2748377|Royal Bank of Scotland Black||Online booking email confirmation
Santander Private Banking|2748377|Santander Private Banking||Online booking email confirmation
Scotia|2748377|Scotia||Online Booking Email Confirmation
Scotiabank Gold American Express®|2748377|Scotiabank Gold American Express®||Online Booking Email Confirmation
Scotiabank Platinum American Express|2748377|Scotiabank Platinum American Express||Online Booking Email Confirmation
SJP|2748377|SJP||Online Booking Email Confirmation
SMCC|2748377|SMCC||Online booking email confirmation
SPW|2748377|SPW||Online Booking Email Confirmation
Standard Chartered|2748377|Standard Chartered||Online Booking Email Confirmation
St George [WP]|2748377|St George [WP]||Online Booking Email Confirmation
Ten|2748377|Ten||Online booking email confirmation
Ten Explore|2748377|Ten Explore||Online booking email confirmation
The Bank of East Asia|2748377|The Bank of East Asia||Online Booking Email Confirmation
Visa CEMEA|2748377|Visa CEMEA||Online Booking Email Confirmation
Visa LAC|2748377|Visa LAC||Online Booking Email Confirmation
Visa Trial|2748377|Visa Trial||Online Booking Email Confirmation
Visa US|2748377|Visa US||Online booking email confirmation
Wells Fargo|2748377|Wells Fargo||Online Booking Email Confirmation
Wells Fargo The Private Bank|2748377|Wells Fargo The Private Bank||Online Booking Email Confirmation
Westpac|2748377|Westpac||Online Booking Email Confirmation
ABSA|2748377|ABSA||Your booking confirmation: {{Activity_name}} - {{Activity_Date}}
Alphacard|2748377|Alphacard||Your booking confirmation: {{Activity_name}} - {{Activity_Date}}
Alphacard Centurion|2748377|Alphacard Centurion||Your booking confirmation: {{Activity_name}} - {{Activity_Date}}
BAC|2748377|BAC||Your booking confirmation: {{Activity_name}} - {{Activity_Date}}
Banco Pichincha|2748377|Banco Pichincha||Your booking confirmation: {{Activity_name}} - {{Activity_Date}}
Bank of Melbourne [WP]|2748377|Bank of Melbourne [WP]||Your booking confirmation: {{Activity_name}} - {{Activity_Date}}
Bank SA [WP]|2748377|Bank SA [WP]||Your booking confirmation: {{Activity_name}} - {{Activity_Date}}
Barclaycard|2748377|Barclaycard||Your booking confirmation: {{Activity_name}} - {{Activity_Date}}
Barclays|2748377|Barclays||Your booking confirmation: {{Activity_name}} - {{Activity_Date}}
Coutts|2748377|Coutts||Your booking confirmation: {{Activity_name}} - {{Activity_Date}}
Credit One|2748377|Credit One||Your booking confirmation: {{Activity_name}} - {{Activity_Date}}
Credit Saison|2748377|Credit Saison||Your booking confirmation: {{Activity_name}} - {{Activity_Date}}
Credit Saison Diamond|2748377|Credit Saison Diamond||Your booking confirmation: {{Activity_name}} - {{Activity_Date}}
DBS AMEX|2748377|DBS AMEX||Your booking confirmation: {{Activity_name}} - {{Activity_Date}}
Discover|2748377|Discover||Your booking confirmation: {{Activity_name}} - {{Activity_Date}}
DNB|2748377|DNB||Your booking confirmation: {{Activity_name}} - {{Activity_Date}}
Europe Arab Bank|2748377|Europe Arab Bank||Your booking confirmation: {{Activity_name}} - {{Activity_Date}}
Ginza Six Card|2748377|Ginza Six Card||Your booking confirmation: {{Activity_name}} - {{Activity_Date}}
HSBC|2748377|HSBC||Your booking confirmation: {{Activity_name}} - {{Activity_Date}}
HSBC Infinite|2748377|HSBC Infinite||Your booking confirmation: {{Activity_name}} - {{Activity_Date}}
Luxury Card|2748377|Luxury Card||Your booking confirmation: {{Activity_name}} - {{Activity_Date}}
Manulife|2748377|Manulife||Your booking confirmation: {{Activity_name}} - {{Activity_Date}}
Mastercard|2748377|Mastercard||Your booking confirmation: {{Activity_name}} - {{Activity_Date}}
Mastercard Citi|2748377|Mastercard Citi||Your booking confirmation: {{Activity_name}} - {{Activity_Date}}
Mastercard RAK|2748377|Mastercard RAK||Your booking confirmation: {{Activity_name}} - {{Activity_Date}}
Morgan Stanley|2748377|Morgan Stanley||Your booking confirmation: {{Activity_name}} - {{Activity_Date}}
MTLS Itau|2748377|MTLS Itau||Your booking confirmation: {{Activity_name}} - {{Activity_Date}}
MTLS NEO|2748377|MTLS NEO||Your booking confirmation: {{Activity_name}} - {{Activity_Date}}
MTLS SNB|2748377|MTLS SNB||Your booking confirmation: {{Activity_name}} - {{Activity_Date}}
Natwest Black|2748377|Natwest Black||Your booking confirmation: {{Activity_name}} - {{Activity_Date}}
Navy Federal Union|2748377|Navy Federal Union||Your booking confirmation: {{Activity_name}} - {{Activity_Date}}
Nomura|2748377|Nomura||Your booking confirmation: {{Activity_name}} - {{Activity_Date}}
Qorbis|2748377|Qorbis||Your booking confirmation: {{Activity_name}} - {{Activity_Date}}
Royal Bank of Canada|2748377|Royal Bank of Canada||Your booking confirmation: {{Activity_name}} - {{Activity_Date}}
Royal Bank of Scotland Black|2748377|Royal Bank of Scotland Black||Your booking confirmation: {{Activity_name}} - {{Activity_Date}}
Santander Private Banking|2748377|Santander Private Banking||Your booking confirmation: {{Activity_name}} - {{Activity_Date}}
Scotia|2748377|Scotia||Your booking confirmation: {{Activity_name}} - {{Activity_Date}}
Scotiabank Gold American Express®|2748377|Scotiabank Gold American Express®||Your booking confirmation: {{Activity_name}} - {{Activity_Date}}
Scotiabank Platinum American Express|2748377|Scotiabank Platinum American Express||Your booking confirmation: {{Activity_name}} - {{Activity_Date}}
SJP|2748377|SJP||Your booking confirmation: {{Activity_name}} - {{Activity_Date}}
SMCC|2748377|SMCC||Your booking confirmation: {{Activity_name}} - {{Activity_Date}}
SPW|2748377|SPW||Your booking confirmation: {{Activity_name}} - {{Activity_Date}}
Standard Chartered|2748377|Standard Chartered||Your booking confirmation: {{Activity_name}} - {{Activity_Date}}
St George [WP]|2748377|St George [WP]||Your booking confirmation: {{Activity_name}} - {{Activity_Date}}
Swisscard|2748377|Swisscard||Your booking confirmation: {{Activity_name}} - {{Activity_Date}}
Swisscard Centurion|2748377|Swisscard Centurion||Your booking confirmation: {{Activity_name}} - {{Activity_Date}}
Ten|2748377|Ten||Your booking confirmation: {{Activity_name}} - {{Activity_Date}}
Ten Explore|2748377|Ten Explore||Your booking confirmation: {{Activity_name}} - {{Activity_Date}}
The Bank of East Asia|2748377|The Bank of East Asia||Your booking confirmation: {{Activity_name}} - {{Activity_Date}}
Visa CEMEA|2748377|Visa CEMEA||Your booking confirmation: {{Activity_name}} - {{Activity_Date}}
Visa LAC|2748377|Visa LAC||Your booking confirmation: {{Activity_name}} - {{Activity_Date}}
Visa Trial|2748377|Visa Trial||Your booking confirmation: {{Activity_name}} - {{Activity_Date}}
Visa US|2748377|Visa US||Your booking confirmation: {{Activity_name}} - {{Activity_Date}}
Wells Fargo The Private Bank|2748377|Wells Fargo The Private Bank||Your booking confirmation: {{Activity_name}} - {{Activity_Date}}
Westpac|2748377|Westpac||Your booking confirmation: {{Activity_name}} - {{Activity_Date}}
Mastercard|2748377|Mastercard|14, 63, 62, 13|Your booking confirmation: {{Hotel_name}}
Santander Private Banking|2748377|Santander Private Banking||Your booking confirmation: {{Hotel_name}}
Ten|2748377|Ten|262, 253|Your booking confirmation: {{Hotel_name}}
Visa LAC|2748377|Visa LAC|129, 126, 127, 333, 137, 133, 130, 128, 334|Your booking confirmation: {{Hotel_name}}
ABSA|2748377|ABSA||Your travel request
Alphacard|2748377|Alphacard||Your travel request
Alphacard Centurion|2748377|Alphacard Centurion||Your travel request
BAC|2748377|BAC||Your travel request
Banco Pichincha|2748377|Banco Pichincha||Travel Briefing Request Confirmation
Bank of Melbourne [WP]|2748377|Bank of Melbourne [WP]||Your travel request
Bank SA [WP]|2748377|Bank SA [WP]||Your travel request
Barclaycard|2748377|Barclaycard||Your travel request
Barclays|2748377|Barclays||Your travel request
BCG|2748377|BCG||Your travel request
City National Bank|2748377|City National Bank||Your travel request
Coutts|2748377|Coutts||Travel Briefing Request Confirmation
Credit One|2748377|Credit One||Your travel request
Credit Saison|2748377|Credit Saison||Your travel request
Credit Saison Diamond|2748377|Credit Saison Diamond||Your travel request
DBS AMEX|2748377|DBS AMEX||Your travel request
Dillards|2748377|Dillards||Your travel request
Discover|2748377|Discover||Your travel request
DNB|2748377|DNB||Thank you for your travel request
Europe Arab Bank|2748377|Europe Arab Bank||Your travel request
Ginza Six Card|2748377|Ginza Six Card||Your travel request
HSBC|2748377|HSBC||Your travel request
HSBC Infinite|2748377|HSBC Infinite||Your travel request
Luxury Card|2748377|Luxury Card||Your travel request
Manulife|2748377|Manulife||Your travel request
Mastercard|2748377|Mastercard||Your travel request
Mastercard Citi|2748377|Mastercard Citi||Your travel request
Mastercard RAK|2748377|Mastercard RAK||Your travel request
Morgan Stanley|2748377|Morgan Stanley||Your travel request
MTLS Itau|2748377|MTLS Itau||Your travel request
MTLS NEO|2748377|MTLS NEO||Your travel request
MTLS SNB|2748377|MTLS SNB||Your travel request
Natwest Black|2748377|Natwest Black||Your travel request
Navy Federal Union|2748377|Navy Federal Union||Your travel request
Nomura|2748377|Nomura||Your travel request
OCBC|2748377|OCBC|249|Travel Briefing Request Confirmation
OCBC|2748377|OCBC|245, 244|Your travel request
Qorbis|2748377|Qorbis||Your travel request
Royal Bank of Canada|2748377|Royal Bank of Canada||Your travel request
Royal Bank of Scotland Black|2748377|Royal Bank of Scotland Black||Your travel request
Santander Private Banking|2748377|Santander Private Banking||Your travel request
Scotia|2748377|Scotia||Your travel request
Scotiabank Gold American Express®|2748377|Scotiabank Gold American Express®|425, 423|Your travel request
Scotiabank Platinum American Express|2748377|Scotiabank Platinum American Express|421, 422|Your travel request
SJP|2748377|SJP||Your travel request
SMCC|2748377|SMCC||Your travel request
SPW|2748377|SPW||Your travel request
Standard Chartered|2748377|Standard Chartered||Your travel request
St George [WP]|2748377|St George [WP]||Your travel request
Swisscard|2748377|Swisscard||Your travel request
Swisscard Centurion|2748377|Swisscard Centurion||Your travel request
Ten|2748377|Ten||Your travel request
Ten Explore|2748377|Ten Explore||Your travel request
The Bank of East Asia|2748377|The Bank of East Asia||Your travel request
Visa CEMEA|2748377|Visa CEMEA||Your travel request
Visa LAC|2748377|Visa LAC||Travel Briefing Request Confirmation
Visa Trial|2748377|Visa Trial||Your travel request
Visa US|2748377|Visa US||Your travel request
Wells Fargo|2748377|Wells Fargo||Your travel request
Wells Fargo The Private Bank|2748377|Wells Fargo The Private Bank||Your travel request
Westpac|2748377|Westpac||Your travel request
ABSA|2748377|ABSA||Confirmation of email address change
Alphacard|2748377|Alphacard||Confirmation of email address change
Alphacard Centurion|2748377|Alphacard Centurion||Confirmation of email address change
BAC|2748377|BAC||Confirmation of email address change
Banco Pichincha|2748377|Banco Pichincha||Your email address has been updated
Bank of Melbourne [WP]|2748377|Bank of Melbourne [WP]||Confirmation of email address change
Bank SA [WP]|2748377|Bank SA [WP]||Confirmation of email address change
Barclaycard|2748377|Barclaycard||Confirmation of email address change
Barclays|2748377|Barclays||Confirmation of email address change
BCG|2748377|BCG||Confirmation of email address change
City National Bank|2748377|City National Bank||Confirmation of email address change
Coutts|2748377|Coutts||Your email address has been updated
Credit One|2748377|Credit One||Confirmation of email address change
Credit Saison|2748377|Credit Saison||Confirmation of email address change
Credit Saison Diamond|2748377|Credit Saison Diamond||Confirmation of email address change
DBS AMEX|2748377|DBS AMEX||Confirmation of email address change
Dillards|2748377|Dillards||Confirmation of email address change
Discover|2748377|Discover||Confirmation of email address change
DNB|2748377|DNB||Confirmation of email address change
Europe Arab Bank|2748377|Europe Arab Bank||Confirmation of email address change
Ginza Six Card|2748377|Ginza Six Card||Confirmation of email address change
HSBC|2748377|HSBC||Confirmation of email address change
HSBC Infinite|2748377|HSBC Infinite||Confirmation of email address change
Luxury Card|2748377|Luxury Card||Confirmation of email address change
Manulife|2748377|Manulife||Confirmation of email address change
Mastercard|2748377|Mastercard||Confirmation of email address change
Mastercard Citi|2748377|Mastercard Citi||Confirmation of email address change
Mastercard RAK|2748377|Mastercard RAK||Confirmation of email address change
Morgan Stanley|2748377|Morgan Stanley||Confirmation of email address change
MTLS Itau|2748377|MTLS Itau||Confirmation of email address change
MTLS NEO|2748377|MTLS NEO||Confirmation of email address change
MTLS SNB|2748377|MTLS SNB||Confirmation of email address change
Natwest Black|2748377|Natwest Black||Confirmation of email address change
Navy Federal Union|2748377|Navy Federal Union||Confirmation of email address change
Nomura|2748377|Nomura||Confirmation of email address change
OCBC|2748377|OCBC|274, 273|Confirmation of email address change
OCBC|2748377|OCBC|249|Your email address has been updated
Qorbis|2748377|Qorbis||Confirmation of email address change
Royal Bank of Canada|2748377|Royal Bank of Canada||Confirmation of email address change
Royal Bank of Scotland Black|2748377|Royal Bank of Scotland Black||Confirmation of email address change
Santander Private Banking|2748377|Santander Private Banking||Confirmation of email address change
Scotia|2748377|Scotia||Confirmation of email address change
Scotiabank Gold American Express®|2748377|Scotiabank Gold American Express®|423, 425|Confirmation of email address change
Scotiabank Platinum American Express|2748377|Scotiabank Platinum American Express|421, 422|Confirmation of email address change
SJP|2748377|SJP||Confirmation of email address change
SMCC|2748377|SMCC||Confirmation of email address change
SPW|2748377|SPW||Confirmation of email address change
Standard Chartered|2748377|Standard Chartered||Confirmation of email address change
St George [WP]|2748377|St George [WP]||Confirmation of email address change
Swisscard|2748377|Swisscard||Confirmation of email address change
Swisscard Centurion|2748377|Swisscard Centurion||Confirmation of email address change
Ten|2748377|Ten||Confirmation of email address change
Ten Explore|2748377|Ten Explore||Confirmation of email address change
The Bank of East Asia|2748377|The Bank of East Asia||Confirmation of email address change
Visa CEMEA|2748377|Visa CEMEA||Confirmation of email address change
Visa LAC|2748377|Visa LAC||Your email address has been updated
Visa Trial|2748377|Visa Trial||Confirmation of email address change
Visa US|2748377|Visa US||Confirmation of email address change
Wells Fargo|2748377|Wells Fargo||Confirmation of email address change
Wells Fargo The Private Bank|2748377|Wells Fargo The Private Bank||Confirmation of email address change
Westpac|2748377|Westpac||Confirmation of email address change
