id|name|price_currency|provider
572|Care of Box Office|GBP|see_enta
573|Box Office Collection|GBP|see_tickets
578|Care of Box Office|GBP|see_enta
579|E-ticket (Print-at-home)|GBP|see_enta
602|Care of Box Office|GBP|see_enta
603|Print at Home|GBP|see_enta
604|Box Office Collection|GBP|see_enta
605|Standard Delivery|GBP|see_enta
612|Print at Home|GBP|see_enta
613|Box Office Collection|GBP|see_enta
614|Standard Delivery|GBP|see_enta
621|Print at Home|GBP|see_enta
622|Box Office Collection|GBP|see_enta
623|Standard Delivery|GBP|see_enta
574|Standard Delivery|GBP|see_tickets
580|Care of Box Office|GBP|see_enta
581|E-ticket (Print-at-home)|GBP|see_enta
606|Print at Home|GBP|see_enta
607|Box Office Collection|GBP|see_enta
608|Standard Delivery|GBP|see_enta
615|Print at Home|GBP|see_enta
616|Box Office Collection|GBP|see_enta
617|Standard Delivery|GBP|see_enta
624|Print at Home|GBP|see_enta
625|Box Office Collection|GBP|see_enta
626|Standard Delivery|GBP|see_enta
645|Print at Home|GBP|see_enta
646|Box Office Collection|GBP|see_enta
647|Standard Delivery|GBP|see_enta
575|Standard Delivery|GBP|see_tickets
582|Care of Box Office|GBP|see_enta
583|E-ticket (Print-at-home)|GBP|see_enta
609|Print at Home|GBP|see_enta
610|Box Office Collection|GBP|see_enta
611|Standard Delivery|GBP|see_enta
618|Print at Home|GBP|see_enta
619|Box Office Collection|GBP|see_enta
620|Standard Delivery|GBP|see_enta
627|Print at Home|GBP|see_enta
628|Box Office Collection|GBP|see_enta
629|Standard Delivery|GBP|see_enta
648|Print at Home|GBP|see_enta
649|Box Office Collection|GBP|see_enta
650|Standard Delivery|GBP|see_enta
655|Print at Home|GBP|see_enta
576|Standard Delivery|GBP|see_tickets
584|Care of Box Office|GBP|see_enta
585|E-ticket (Print-at-home)|GBP|see_enta
630|Print at Home|GBP|see_enta
631|Box Office Collection|GBP|see_enta
632|Standard Delivery|GBP|see_enta
651|Print at Home|GBP|see_enta
652|Care of Box Office|GBP|see_enta
653|Box Office Collection|GBP|see_enta
654|Standard Delivery|GBP|see_enta
656|Box Office Collection|GBP|see_enta
657|Standard Delivery|GBP|see_enta
819|Care of Box Office|GBP|see_enta
822|Care of Box Office|GBP|see_enta
577|Care of Box Office|GBP|see_enta
586|Standard Delivery|GBP|see_tickets
633|Print at Home|GBP|see_enta
634|Box Office Collection|GBP|see_enta
635|Standard Delivery|GBP|see_enta
658|E-ticket (Print-at-home)|EUR|see_tickets
820|Care of Box Office|GBP|see_enta
823|Care of Box Office|GBP|see_enta
587|Care of Box Office|GBP|see_enta
588|Standard Delivery|GBP|see_enta
636|Print at Home|GBP|see_enta
637|Box Office Collection|GBP|see_enta
638|Standard Delivery|GBP|see_enta
659|Print at Home|GBP|see_enta
660|Box Office Collection|GBP|see_enta
661|Standard Delivery|GBP|see_enta
662|Print at Home|GBP|see_enta
663|Box Office Collection|GBP|see_enta
664|Standard Delivery|GBP|see_enta
680|Print at Home|GBP|see_enta
681|Box Office Collection|GBP|see_enta
682|Standard Delivery|GBP|see_enta
683|Print at Home|GBP|see_enta
821|Standard Delivery|GBP|see_tickets
824|Not Dispatched|GBP|see_tickets
589|Care of Box Office|GBP|see_enta
590|Standard Delivery|GBP|see_enta
639|Print at Home|GBP|see_enta
640|Box Office Collection|GBP|see_enta
641|Standard Delivery|GBP|see_enta
665|Print at Home|GBP|see_enta
666|Box Office Collection|GBP|see_enta
667|Standard Delivery|GBP|see_enta
684|Box Office Collection|GBP|see_enta
685|Standard Delivery|GBP|see_enta
825|Care of Box Office|GBP|see_enta
591|Care of Box Office|GBP|see_enta
592|Standard Delivery|GBP|see_enta
642|Print at Home|GBP|see_enta
643|Box Office Collection|GBP|see_enta
644|Standard Delivery|GBP|see_enta
668|Print at Home|GBP|see_enta
669|Box Office Collection|GBP|see_enta
670|Standard Delivery|GBP|see_enta
686|Print at Home|GBP|see_enta
687|Box Office Collection|GBP|see_enta
688|Standard Delivery|GBP|see_enta
689|Print at Home|GBP|see_enta
690|Box Office Collection|GBP|see_enta
691|Standard Delivery|GBP|see_enta
692|Print at Home|GBP|see_enta
593|Standard Delivery|GBP|see_tickets
594|Box Office Collection|GBP|see_tickets
671|Print at Home|GBP|see_enta
672|Box Office Collection|GBP|see_enta
673|Standard Delivery|GBP|see_enta
693|Box Office Collection|GBP|see_enta
694|Standard Delivery|GBP|see_enta
826|Care of Box Office|GBP|see_enta
595|Print at Home|GBP|see_enta
596|Box Office Collection|GBP|see_enta
597|Standard Delivery|GBP|see_enta
674|Print at Home|GBP|see_enta
675|Box Office Collection|GBP|see_enta
676|Standard Delivery|GBP|see_enta
695|E-ticket (Print-at-home)|GBP|see_tickets
827|E-Ticket|GBP|see_tickets
828|Box Office Collection|GBP|see_tickets
598|Print at Home|GBP|see_enta
599|Box Office Collection|GBP|see_enta
600|Standard Delivery|GBP|see_enta
677|Print at Home|GBP|see_enta
678|Box Office Collection|GBP|see_enta
679|Standard Delivery|GBP|see_enta
696|Care of Box Office|GBP|see_enta
697|Standard Delivery|GBP|see_enta
829|Box Office Collection|GBP|see_tickets
601|Care of Box Office|GBP|see_enta
698|Care of Box Office|GBP|see_enta
699|Standard Delivery|GBP|see_enta
704|Print at Home|GBP|see_enta
705|Box Office Collection|GBP|see_enta
706|Standard Delivery|GBP|see_enta
707|Standard Delivery|GBP|see_tickets
708|Standard Delivery|GBP|see_enta
709|E-ticket (Print-at-home)|GBP|see_enta
712|Standard Delivery|GBP|see_tickets
713|E-ticket (Print-at-home)|GBP|see_tickets
714|Print at Home|GBP|see_enta
715|Box Office Collection|GBP|see_enta
716|Print at Home|GBP|see_enta
717|Box Office Collection|GBP|see_enta
718|E-Ticket|EUR|see_tickets
700|Print at Home|GBP|see_enta
701|Box Office Collection|GBP|see_enta
702|Standard Delivery|GBP|see_enta
710|Care of Box Office|GBP|see_enta
711|E-ticket (Print-at-home)|GBP|see_enta
719|E-Ticket|EUR|see_tickets
830|E-Ticket|GBP|see_tickets
703|Care of Box Office|GBP|see_enta
720|E-Ticket|GBP|see_tickets
722|Print at Home|GBP|see_enta
723|Box Office Collection|GBP|see_enta
724|Standard Delivery|GBP|see_enta
725|Print at Home|GBP|see_enta
726|Box Office Collection|GBP|see_enta
727|Standard Delivery|GBP|see_enta
731|Care of Box Office|GBP|see_enta
732|Print at Home|GBP|see_enta
733|Box Office Collection|GBP|see_enta
734|Standard Delivery|GBP|see_enta
735|Standard Delivery|GBP|see_tickets
736|Standard Delivery|GBP|see_tickets
737|Standard Delivery|GBP|see_tickets
738|E-Ticket|GBP|see_tickets
721|E-Ticket|EUR|see_tickets
728|Print at Home|GBP|see_enta
729|Box Office Collection|GBP|see_enta
730|Standard Delivery|GBP|see_enta
739|E-Ticket|GBP|see_tickets
831|E-Ticket|GBP|see_tickets
740|E-Ticket|EUR|see_tickets
741|E-Ticket|GBP|see_tickets
748|E-Ticket|GBP|see_tickets
751|E-Ticket|EUR|see_tickets
756|E-Ticket|EUR|see_tickets
757|Care of Box Office|GBP|see_enta
758|Care of Box Office|GBP|see_enta
759|Standard Delivery|GBP|see_enta
760|Care of Box Office|GBP|see_enta
763|Care of Box Office|GBP|see_enta
764|Standard Delivery|GBP|see_enta
765|Print at Home|GBP|see_enta
766|Care of Box Office|GBP|see_enta
767|Standard Delivery|GBP|see_enta
832|Standard Delivery|GBP|see_tickets
742|E-Ticket|GBP|see_tickets
743|Secure Post|GBP|see_tickets
744|Standard Delivery|GBP|see_tickets
749|Box Office Collection|GBP|see_tickets
752|E-Ticket|EUR|see_tickets
761|Care of Box Office|GBP|see_enta
768|Care of Box Office|GBP|see_enta
769|Standard Delivery|GBP|see_enta
833|Box Office Collection|GBP|see_tickets
745|E-Ticket|GBP|see_tickets
746|Secure Post|GBP|see_tickets
747|Standard Delivery|GBP|see_tickets
750|Box Office Collection|GBP|see_tickets
753|E-Ticket|EUR|see_tickets
754|Secure Post|EUR|see_tickets
755|Standard Delivery|EUR|see_tickets
762|Care of Box Office|GBP|see_enta
770|Care of Box Office|GBP|see_enta
771|Care of Box Office|GBP|see_enta
772|E-Ticket|GBP|see_tickets
773|Standard Delivery|GBP|see_tickets
774|Box Office Collection|GBP|see_tickets
780|Care of Box Office|GBP|see_enta
834|Standard Delivery|GBP|see_tickets
775|Standard Delivery|GBP|see_tickets
776|Box Office Collection|GBP|see_tickets
781|Care of Box Office|GBP|see_enta
835|Box Office Collection|GBP|see_tickets
777|Standard Delivery|GBP|see_tickets
778|Box Office Collection|GBP|see_tickets
782|Care of Box Office|GBP|see_enta
783|Standard Delivery|GBP|see_tickets
787|Standard Delivery|GBP|see_tickets
788|Care of Box Office|GBP|see_enta
790|E-Ticket|GBP|see_tickets
791|Box Office Collection|GBP|see_tickets
792|E-Ticket|GBP|see_tickets
793|E-Ticket|GBP|see_tickets
794|Box Office Collection|GBP|see_tickets
796|Care of Box Office|GBP|see_enta
797|Care of Box Office|GBP|see_enta
836|E-Ticket|GBP|see_tickets
779|Secure Post|GBP|see_tickets
784|Standard Delivery|GBP|see_tickets
789|Care of Box Office|GBP|see_enta
795|Box Office Collection|GBP|see_tickets
798|E-Ticket|GBP|see_tickets
799|Care of Box Office|GBP|see_enta
837|Standard Delivery|GBP|see_tickets
839|E-Ticket|GBP|see_tickets
785|Standard Delivery|GBP|see_tickets
800|Care of Box Office|GBP|see_enta
801|Care of Box Office|GBP|see_enta
802|Not Dispatched|GBP|see_tickets
803|E-Ticket|GBP|see_tickets
804|Care of Box Office|GBP|see_enta
805|Care of Box Office|GBP|see_enta
806|Standard Delivery|GBP|see_enta
807|E-Ticket|GBP|see_enta
808|Care of Box Office|GBP|see_enta
811|Care of Box Office|GBP|see_enta
812|Care of Box Office|GBP|see_enta
813|Care of Box Office|GBP|see_enta
786|Care of Box Office|GBP|see_enta
809|Care of Box Office|GBP|see_enta
814|Care of Box Office|GBP|see_enta
838|E-Ticket|EUR|see_tickets
840|Standard Delivery|GBP|see_tickets
841|E-Ticket|CHF|see_tickets
810|Care of Box Office|GBP|see_enta
815|Care of Box Office|GBP|see_enta
816|Standard Delivery|GBP|see_enta
817|Care of Box Office|GBP|see_enta
818|Standard Delivery|GBP|see_enta
842|E-Ticket|CHF|see_tickets
526|Standard Delivery|GBP|see_enta
529|Standard Delivery|GBP|see_enta
532|Standard Delivery|GBP|see_enta
559|Standard Delivery|GBP|see_enta
1|eTicket|GBP|ten_direct
27|E-ticket (Print-at-home)|GBP|see_tickets
2|Royal Mail|GBP|ten_direct
3|Standard Delivery|GBP|see_tickets
4|Box Office Collection|GBP|see_tickets
5|Box Office Collection|GBP|see_enta
6|Care of Box Office|GBP|see_enta
57|E-ticket (Print-at-home)|GBP|see_tickets
7|Box Office Collection|GBP|see_enta
51|Secure Post|GBP|see_tickets
8|Care of Box Office|GBP|see_enta
9|Standard Delivery|GBP|see_tickets
10|E-ticket (Print-at-home)|GBP|see_tickets
11|Secure Post|GBP|see_tickets
12|Standard Delivery|GBP|see_tickets
13|Box Office Collection|GBP|see_enta
29|Standard Delivery|GBP|see_tickets
108|Not Dispatched|GBP|see_tickets
14|Care of Box Office|GBP|see_enta
15|E-ticket (Print-at-home)|GBP|see_tickets
16|Secure Post|GBP|see_tickets
17|Standard Delivery|GBP|see_tickets
18|E-ticket (Print-at-home)|GBP|see_tickets
19|Secure Post|GBP|see_tickets
20|Standard Delivery|GBP|see_tickets
21|Box Office Collection|GBP|see_enta
64|E-ticket (Print-at-home)|GBP|see_tickets
22|Care of Box Office|GBP|see_enta
23|Box Office Collection|GBP|see_enta
24|Care of Box Office|GBP|see_enta
25|E-ticket (Print-at-home)|GBP|see_tickets
26|Box Office Collection|GBP|see_tickets
28|Secure Post|GBP|see_tickets
30|Box Office Collection|GBP|see_enta
31|Care of Box Office|GBP|see_enta
32|Box Office Collection|GBP|see_enta
33|Care of Box Office|GBP|see_enta
34|E-ticket (Print-at-home)|GBP|see_tickets
35|Box Office Collection|GBP|see_tickets
36|Secure Post|GBP|see_tickets
37|Standard Delivery|GBP|see_tickets
38|E-ticket (Print-at-home)|GBP|see_tickets
39|Box Office Collection|GBP|see_tickets
69|Standard Delivery|GBP|see_enta
84|Standard Delivery|GBP|see_tickets
40|E-ticket (Print-at-home)|GBP|see_tickets
41|Box Office Collection|GBP|see_tickets
42|E-ticket (Print-at-home)|GBP|see_tickets
105|Standard Delivery|GBP|see_enta
43|Box Office Collection|GBP|see_tickets
44|E-ticket (Print-at-home)|GBP|see_tickets
45|Box Office Collection|GBP|see_tickets
46|Box Office Collection|GBP|see_enta
47|E-ticket (Print-at-home)|GBP|see_tickets
48|Box Office Collection|GBP|see_tickets
49|E-ticket (Print-at-home)|GBP|see_tickets
50|Box Office Collection|GBP|see_tickets
52|Standard Delivery|GBP|see_tickets
53|Secure Post|GBP|see_tickets
54|Standard Delivery|GBP|see_tickets
55|E-ticket (Print-at-home)|GBP|see_tickets
56|Box Office Collection|GBP|see_tickets
58|Box Office Collection|GBP|see_tickets
59|E-ticket (Print-at-home)|GBP|see_tickets
60|Box Office Collection|GBP|see_tickets
61|E-ticket (Print-at-home)|GBP|see_tickets
62|Box Office Collection|GBP|see_tickets
63|Box Office Collection|GBP|see_enta
65|Box Office Collection|GBP|see_tickets
66|E-ticket (Print-at-home)|GBP|see_tickets
67|Box Office Collection|GBP|see_tickets
68|Box Office Collection|GBP|see_enta
70|Print at Home|GBP|see_enta
71|Box Office Collection|GBP|see_enta
106|Secure Post|GBP|see_tickets
109|Secure Post|GBP|see_tickets
72|Box Office Collection|GBP|see_enta
73|Box Office Collection|GBP|see_enta
74|Box Office Collection|GBP|see_enta
75|Box Office Collection|GBP|see_enta
76|Box Office Collection|GBP|see_enta
77|Box Office Collection|GBP|see_enta
78|Standard Delivery|GBP|see_tickets
79|Standard Delivery|GBP|see_tickets
80|Standard Delivery|GBP|see_tickets
81|E-ticket (Group email)|GBP|see_tickets
82|E-ticket (Group email)|GBP|see_tickets
83|Standard Delivery|GBP|see_tickets
85|Standard Delivery|GBP|see_tickets
86|Standard Delivery|GBP|see_tickets
87|Box Office Collection|GBP|see_tickets
88|Standard Delivery|GBP|see_tickets
107|Not Dispatched|GBP|see_tickets
89|Box Office Collection|GBP|see_tickets
90|Secure Post|GBP|see_tickets
91|Standard Delivery|GBP|see_tickets
92|Box Office Collection|GBP|see_enta
93|Standard Delivery|GBP|see_enta
94|Standard Delivery|GBP|see_tickets
95|Box Office Collection|GBP|see_tickets
96|Secure Post|GBP|see_tickets
97|Standard Delivery|GBP|see_tickets
98|Box Office Collection|GBP|see_tickets
99|Standard Delivery|GBP|see_tickets
100|Box Office Collection|GBP|see_tickets
101|Care of Box Office|GBP|see_enta
125|Standard Delivery|GBP|see_tickets
102|Care of Box Office|GBP|see_enta
103|Standard Delivery|GBP|see_tickets
104|Box Office Collection|GBP|see_enta
477|eTicket|USD|ten_direct
110|Box Office Collection|GBP|see_enta
111|Standard Delivery|GBP|see_enta
112|E-ticket (Print-at-home)|GBP|see_tickets
113|Box Office Collection|GBP|see_tickets
114|Secure Post|GBP|see_tickets
115|Secure Post|GBP|see_tickets
116|Standard Delivery|GBP|see_tickets
117|Standard Delivery|GBP|see_tickets
118|Standard Delivery|GBP|see_enta
119|Care of Box Office|GBP|see_enta
120|Standard Delivery|GBP|see_tickets
121|Box Office Collection|GBP|see_tickets
122|E-ticket (Print-at-home)|GBP|see_tickets
123|Secure Post|GBP|see_tickets
124|Standard Delivery|GBP|see_tickets
126|Box Office Collection|GBP|see_tickets
127|Care of Box Office|GBP|see_enta
478|Standard Post|USD|ten_direct
128|E-ticket (Print-at-home)|GBP|see_tickets
129|Standard Delivery|GBP|see_tickets
130|Box Office Collection|GBP|see_tickets
131|E-ticket (Print-at-home)|GBP|see_tickets
132|Standard Delivery|GBP|see_tickets
133|Box Office Collection|GBP|see_tickets
134|E-ticket (Print-at-home)|GBP|see_tickets
135|Box Office Collection|GBP|see_tickets
136|Secure Post|GBP|see_tickets
137|E-ticket (Print-at-home)|GBP|see_tickets
138|Secure Post|GBP|see_tickets
139|Standard Delivery|GBP|see_tickets
140|Secure Post|GBP|see_tickets
141|Standard Delivery|GBP|see_tickets
189|Standard Delivery|GBP|see_tickets
190|Standard Delivery|GBP|see_tickets
142|Box Office Collection|GBP|see_tickets
143|Standard Delivery|GBP|see_tickets
144|Secure Post|GBP|see_tickets
145|Standard Delivery|GBP|see_tickets
146|Standard Delivery|GBP|see_tickets
166|Secure Post|GBP|see_tickets
147|Box Office Collection|GBP|see_tickets
148|Box Office Collection|GBP|see_enta
149|Standard Delivery|GBP|see_enta
150|Box Office Collection|GBP|see_enta
151|Standard Delivery|GBP|see_enta
152|Box Office Collection|GBP|see_enta
153|Standard Delivery|GBP|see_enta
154|Box Office Collection|GBP|see_enta
155|Standard Delivery|GBP|see_enta
156|E-ticket (Print-at-home)|GBP|see_tickets
157|Secure Post|GBP|see_tickets
158|Standard Delivery|GBP|see_tickets
159|Standard Delivery|GBP|see_tickets
191|Standard Delivery|GBP|see_tickets
160|Box Office Collection|GBP|see_tickets
161|Secure Post|GBP|see_tickets
162|Standard Delivery|GBP|see_tickets
163|Secure Post|GBP|see_tickets
164|Standard Delivery|GBP|see_tickets
165|E-ticket (Print-at-home)|GBP|see_tickets
167|Standard Delivery|GBP|see_tickets
168|Standard Delivery|GBP|see_tickets
169|E-ticket (Print-at-home)|GBP|see_tickets
170|Box Office Collection|GBP|see_tickets
171|Care of Box Office|GBP|see_enta
172|E-ticket (Print-at-home)|GBP|see_enta
173|Care of Box Office|GBP|see_enta
174|E-ticket (Print-at-home)|GBP|see_enta
175|Care of Box Office|GBP|see_enta
176|E-ticket (Print-at-home)|GBP|see_enta
192|Standard Delivery|GBP|see_tickets
177|Care of Box Office|GBP|see_enta
178|E-ticket (Print-at-home)|GBP|see_enta
179|Care of Box Office|GBP|see_enta
199|Standard Delivery|GBP|see_tickets
180|E-ticket (Print-at-home)|GBP|see_enta
181|Care of Box Office|GBP|see_enta
182|E-ticket (Print-at-home)|GBP|see_enta
183|Care of Box Office|GBP|see_enta
184|E-ticket (Print-at-home)|GBP|see_enta
185|Care of Box Office|GBP|see_enta
186|E-ticket (Print-at-home)|GBP|see_enta
187|Care of Box Office|GBP|see_enta
188|E-ticket (Print-at-home)|GBP|see_enta
193|Care of Box Office|GBP|see_enta
201|Standard Delivery|GBP|see_tickets
209|Standard Delivery|GBP|see_tickets
213|Standard Delivery|GBP|see_tickets
194|Care of Box Office|GBP|see_enta
195|Care of Box Office|GBP|see_enta
196|Care of Box Office|GBP|see_enta
197|Box Office Collection|GBP|see_enta
198|Standard Delivery|GBP|see_enta
459|E-ticket (Print-at-home)|GBP|see_tickets
464|Print at Home|GBP|see_enta
465|Care of Box Office|GBP|see_enta
466|Box Office Collection|GBP|see_tickets
469|Print at Home|GBP|see_enta
470|Care of Box Office|GBP|see_enta
471|Box Office Collection|GBP|see_enta
200|Box Office Collection|GBP|see_tickets
460|E-ticket (Print-at-home)|GBP|see_tickets
467|Standard Delivery|GBP|see_tickets
468|Box Office Collection|GBP|see_tickets
472|Standard Delivery|GBP|see_enta
474|Care of Box Office|GBP|see_enta
475|Standard Delivery|GBP|see_tickets
476|Box Office Collection|GBP|see_tickets
479|E-ticket (Print-at-home)|GBP|see_tickets
480|Standard Delivery|GBP|see_tickets
483|E-ticket (Print-at-home)|GBP|see_tickets
484|E-ticket (Print-at-home)|GBP|see_tickets
485|Secure Post|GBP|see_tickets
486|Standard Delivery|GBP|see_tickets
488|Box Office Collection|GBP|see_tickets
489|E-ticket (Print-at-home)|GBP|see_tickets
550|Standard Delivery|GBP|see_tickets
202|Box Office Collection|GBP|see_tickets
203|Print at Home|GBP|see_enta
204|Box Office Collection|GBP|see_enta
205|Print at Home|GBP|see_enta
206|Box Office Collection|GBP|see_enta
207|Print at Home|GBP|see_enta
208|Box Office Collection|GBP|see_enta
210|Care of Box Office|GBP|see_enta
211|Care of Box Office|GBP|see_enta
258|Secure Post|GBP|see_tickets
212|Care of Box Office|GBP|see_enta
461|E-ticket (Print-at-home)|GBP|see_tickets
481|Standard Delivery|GBP|see_tickets
487|Standard Delivery|GBP|see_tickets
498|Standard Delivery|GBP|see_tickets
214|Box Office Collection|GBP|see_tickets
215|E-ticket (Print-at-home)|GBP|see_tickets
216|Standard Delivery|GBP|see_tickets
217|Secure Post|GBP|see_tickets
218|Standard Delivery|GBP|see_tickets
219|Print at Home|GBP|see_enta
220|Care of Box Office|GBP|see_enta
221|Standard Delivery|GBP|see_tickets
222|Box Office Collection|GBP|see_tickets
223|Secure Post|GBP|see_tickets
224|Standard Delivery|GBP|see_tickets
225|Care of Box Office|GBP|see_enta
226|Standard Delivery|GBP|see_tickets
259|Standard Delivery|GBP|see_tickets
227|Box Office Collection|GBP|see_tickets
228|Standard Delivery|GBP|see_tickets
229|Box Office Collection|GBP|see_tickets
359|Print at Home|GBP|see_enta
230|Box Office Collection|GBP|see_enta
231|Standard Delivery|GBP|see_enta
232|Box Office Collection|GBP|see_enta
233|Standard Delivery|GBP|see_enta
234|Standard Delivery|GBP|see_tickets
235|Box Office Collection|GBP|see_tickets
236|Standard Delivery|GBP|see_tickets
237|Box Office Collection|GBP|see_tickets
238|Print at Home|GBP|see_enta
239|Care of Box Office|GBP|see_enta
260|Secure Post|GBP|see_tickets
261|Standard Delivery|GBP|see_tickets
240|Care of Box Office|GBP|see_enta
241|Standard Delivery|GBP|see_enta
242|Secure Post|GBP|see_tickets
243|Standard Delivery|GBP|see_tickets
244|Box Office Collection|GBP|see_enta
373|E-ticket (Print-at-home)|GBP|see_enta
245|Box Office Collection|GBP|see_enta
246|Standard Delivery|GBP|see_enta
247|Secure Post|GBP|see_tickets
248|Standard Delivery|GBP|see_tickets
249|Box Office Collection|GBP|see_enta
250|Standard Delivery|GBP|see_enta
251|Box Office Collection|GBP|see_enta
252|Standard Delivery|GBP|see_enta
253|Box Office Collection|GBP|see_enta
254|Standard Delivery|GBP|see_enta
255|Standard Delivery|GBP|see_tickets
256|Secure Post|GBP|see_tickets
257|Standard Delivery|GBP|see_tickets
262|Secure Post|GBP|see_tickets
263|Standard Delivery|GBP|see_tickets
264|Standard Delivery|GBP|see_tickets
265|Box Office Collection|GBP|see_tickets
409|Standard delivery|GBP|ten_direct
499|Secure Post|GBP|see_tickets
266|Care of Box Office|GBP|see_enta
267|E-ticket (Print-at-home)|GBP|see_enta
268|Care of Box Office|GBP|see_enta
269|E-ticket (Print-at-home)|GBP|see_enta
270|Print at Home|GBP|see_enta
271|Care of Box Office|GBP|see_enta
272|Box Office Collection|GBP|see_enta
273|Standard Delivery|GBP|see_enta
274|Standard Delivery|GBP|see_tickets
275|Box Office Collection|GBP|see_tickets
302|Standard Delivery|GBP|see_tickets
276|Box Office Collection|GBP|see_enta
277|Standard Delivery|GBP|see_enta
278|Box Office Collection|GBP|see_enta
279|Standard Delivery|GBP|see_enta
500|Standard Delivery|GBP|see_tickets
280|Box Office Collection|GBP|see_enta
281|Standard Delivery|GBP|see_enta
282|Care of Box Office|GBP|see_enta
283|E-ticket (Print-at-home)|GBP|see_enta
284|Print at Home|GBP|see_enta
285|Care of Box Office|GBP|see_enta
286|Box Office Collection|GBP|see_enta
287|Standard Delivery|GBP|see_enta
288|Box Office Collection|GBP|see_enta
289|Standard Delivery|GBP|see_enta
290|Standard Delivery|GBP|see_tickets
291|Care of Box Office|GBP|see_enta
292|Print at Home|GBP|see_enta
293|Care of Box Office|GBP|see_enta
513|Standard Delivery|GBP|see_tickets
294|Box Office Collection|GBP|see_enta
295|Care of Box Office|GBP|see_enta
296|Care of Box Office|GBP|see_enta
297|Care of Box Office|GBP|see_enta
298|Box Office Collection|GBP|see_tickets
299|Box Office Collection|GBP|see_tickets
300|Standard Delivery|GBP|see_tickets
301|Box Office Collection|GBP|see_tickets
303|Box Office Collection|GBP|see_tickets
304|Standard Delivery|GBP|see_tickets
305|Box Office Collection|GBP|see_tickets
306|Print at Home|GBP|see_enta
307|Care of Box Office|GBP|see_enta
308|Box Office Collection|GBP|see_enta
309|Standard Delivery|GBP|see_tickets
310|Box Office Collection|GBP|see_tickets
311|Standard Delivery|GBP|see_tickets
312|Box Office Collection|GBP|see_tickets
313|Standard Delivery|GBP|see_tickets
314|Box Office Collection|GBP|see_tickets
315|Care of Box Office|GBP|see_enta
382|Print at Home|GBP|see_enta
316|Care of Box Office|GBP|see_enta
317|Care of Box Office|GBP|see_enta
318|Print at Home|GBP|see_enta
416|E-ticket (Print-at-home)|GBP|see_tickets
417|Standard Delivery|GBP|see_tickets
319|Care of Box Office|GBP|see_enta
320|Box Office Collection|GBP|see_enta
321|Standard Delivery|GBP|see_tickets
322|Care of Box Office|GBP|see_enta
323|Box Office Collection|GBP|see_enta
324|Standard Delivery|GBP|see_enta
325|Standard Delivery|GBP|see_tickets
326|Box Office Collection|GBP|see_tickets
327|Standard Delivery|GBP|see_tickets
328|Box Office Collection|GBP|see_tickets
329|Box Office Collection|GBP|see_enta
330|Standard Delivery|GBP|see_enta
331|Standard Delivery|GBP|see_tickets
332|Box Office Collection|GBP|see_tickets
418|E-ticket (Print-at-home)|GBP|see_tickets
333|Care of Box Office|GBP|see_enta
334|Care of Box Office|GBP|see_enta
335|Care of Box Office|GBP|see_enta
336|Box Office Collection|GBP|see_enta
337|Standard Delivery|GBP|see_enta
338|Care of Box Office|GBP|see_enta
339|Print at Home|GBP|see_enta
340|Care of Box Office|GBP|see_enta
341|Box Office Collection|GBP|see_enta
342|Standard Delivery|GBP|see_enta
343|Print at Home|GBP|see_enta
344|Care of Box Office|GBP|see_enta
419|Standard Delivery|GBP|see_tickets
345|Box Office Collection|GBP|see_enta
346|Standard Delivery|GBP|see_enta
347|Print at Home|GBP|see_enta
348|Care of Box Office|GBP|see_enta
349|Box Office Collection|GBP|see_enta
350|Standard Delivery|GBP|see_enta
351|Print at Home|GBP|see_enta
352|Care of Box Office|GBP|see_enta
353|Box Office Collection|GBP|see_enta
354|Standard Delivery|GBP|see_enta
355|Print at Home|GBP|see_enta
356|Care of Box Office|GBP|see_enta
357|Box Office Collection|GBP|see_enta
358|Standard Delivery|GBP|see_enta
521|Not Dispatched|GBP|see_tickets
360|Care of Box Office|GBP|see_enta
361|Box Office Collection|GBP|see_enta
362|Standard Delivery|GBP|see_enta
363|Print at Home|GBP|see_enta
364|Care of Box Office|GBP|see_enta
365|Box Office Collection|GBP|see_enta
366|Standard Delivery|GBP|see_enta
367|E-ticket (Print-at-home)|GBP|see_tickets
368|Care of Box Office|GBP|see_enta
369|E-ticket (Print-at-home)|GBP|see_enta
370|Care of Box Office|GBP|see_enta
371|E-ticket (Print-at-home)|GBP|see_enta
372|Care of Box Office|GBP|see_enta
374|Care of Box Office|GBP|see_enta
375|E-ticket (Print-at-home)|GBP|see_enta
376|Standard Delivery|GBP|see_tickets
377|Box Office Collection|GBP|see_tickets
378|Print at Home|GBP|see_enta
379|Care of Box Office|GBP|see_enta
380|Box Office Collection|GBP|see_enta
381|Standard Delivery|GBP|see_enta
383|Care of Box Office|GBP|see_enta
384|Box Office Collection|GBP|see_enta
385|Standard Delivery|GBP|see_enta
386|Standard Delivery|GBP|see_tickets
387|Box Office Collection|GBP|see_tickets
388|Standard Delivery|GBP|see_tickets
389|Box Office Collection|GBP|see_tickets
390|Print at Home|GBP|see_enta
391|Care of Box Office|GBP|see_enta
392|Box Office Collection|GBP|see_enta
393|Box Office Collection|GBP|see_enta
394|Box Office Collection|GBP|see_enta
395|Care of Box Office|GBP|see_enta
396|Care of Box Office|GBP|see_enta
397|Care of Box Office|GBP|see_enta
398|Care of Box Office|GBP|see_enta
399|Print at Home|GBP|see_enta
400|Care of Box Office|GBP|see_enta
401|Box Office Collection|GBP|see_enta
402|Standard Delivery|GBP|see_enta
403|Standard Delivery|GBP|see_tickets
404|Box Office Collection|GBP|see_tickets
405|Standard Delivery|GBP|see_tickets
406|Box Office Collection|GBP|see_tickets
407|Standard Delivery|GBP|see_tickets
408|Box Office Collection|GBP|see_tickets
410|Print at Home|GBP|see_enta
411|Care of Box Office|GBP|see_enta
412|Box Office Collection|GBP|see_enta
413|Standard Delivery|GBP|see_enta
414|Care of Box Office|GBP|see_enta
415|Standard Delivery|GBP|see_enta
420|Care of Box Office|GBP|see_enta
421|Standard Delivery|GBP|see_tickets
422|Box Office Collection|GBP|see_enta
423|Standard Delivery|GBP|see_enta
424|E-ticket (Group email)|GBP|see_tickets
425|Standard Delivery|GBP|see_tickets
426|E-ticket (Print-at-home)|GBP|see_tickets
427|Standard Delivery|GBP|see_tickets
428|Care of Box Office|GBP|see_enta
429|Care of Box Office|GBP|see_enta
430|Care of Box Office|GBP|see_enta
431|Care of Box Office|GBP|see_enta
432|Care of Box Office|GBP|see_enta
449|Box Office Collection|GBP|see_tickets
433|Care of Box Office|GBP|see_enta
434|E-ticket (Print-at-home)|GBP|see_tickets
435|Standard Delivery|GBP|see_tickets
436|E-ticket (Print-at-home)|GBP|see_tickets
437|Standard Delivery|GBP|see_tickets
438|E-ticket (Print-at-home)|GBP|see_tickets
439|Standard Delivery|GBP|see_tickets
440|Box Office Collection|GBP|see_tickets
441|Box Office Collection|GBP|see_tickets
442|Care of Box Office|GBP|see_enta
443|Care of Box Office|GBP|see_enta
444|Standard Delivery|GBP|see_enta
445|Standard Delivery|GBP|see_tickets
446|Standard Delivery|GBP|see_tickets
447|Box Office Collection|GBP|see_tickets
448|Standard Delivery|GBP|see_tickets
542|Standard Delivery|GBP|see_tickets
450|Box Office Collection|GBP|see_enta
451|Standard Delivery|GBP|see_enta
452|E-ticket (Group email)|GBP|see_tickets
453|Care of Box Office|GBP|see_enta
454|Care of Box Office|GBP|see_enta
455|Box Office Collection|GBP|see_enta
456|Standard Delivery|GBP|see_enta
457|Print at Home|GBP|see_enta
458|Care of Box Office|GBP|see_enta
462|Print at Home|GBP|see_enta
463|Care of Box Office|GBP|see_enta
473|Box Office Collection|GBP|see_tickets
482|Box Office Collection|GBP|see_tickets
490|Box Office Collection|GBP|see_tickets
491|Standard Delivery|GBP|see_tickets
492|E-ticket (Print-at-home)|GBP|see_tickets
493|Box Office Collection|GBP|see_tickets
494|Standard Delivery|GBP|see_tickets
495|Care of Box Office|GBP|see_enta
496|E-ticket (Print-at-home)|GBP|see_tickets
497|Standard Delivery|GBP|see_tickets
501|Care of Box Office|GBP|see_enta
502|Box Office Collection|GBP|see_enta
503|Standard Delivery|GBP|see_enta
504|Box Office Collection|GBP|see_enta
505|Standard Delivery|GBP|see_enta
506|Box Office Collection|GBP|see_enta
507|Standard Delivery|GBP|see_enta
548|Standard Delivery|GBP|see_tickets
552|Standard Delivery|GBP|see_tickets
508|Box Office Collection|GBP|see_enta
509|Standard Delivery|GBP|see_enta
510|Box Office Collection|GBP|see_enta
511|Standard Delivery|GBP|see_enta
512|E-ticket (Print-at-home)|GBP|see_tickets
514|Box Office Collection|GBP|see_tickets
515|Print at Home|GBP|see_enta
516|Care of Box Office|GBP|see_enta
517|Box Office Collection|GBP|see_enta
518|Standard Delivery|GBP|see_enta
519|Box Office Collection|GBP|see_enta
520|Standard Delivery|GBP|see_enta
522|Box Office Collection|GBP|see_enta
523|Standard Delivery|GBP|see_enta
524|Print at Home|GBP|see_enta
525|Box Office Collection|GBP|see_enta
527|Print at Home|GBP|see_enta
528|Box Office Collection|GBP|see_enta
530|Print at Home|GBP|see_enta
531|Box Office Collection|GBP|see_enta
533|Print at Home|GBP|see_enta
534|Box Office Collection|GBP|see_enta
535|Standard Delivery|GBP|see_enta
536|Print at Home|GBP|see_enta
537|Box Office Collection|GBP|see_enta
538|Standard Delivery|GBP|see_enta
539|Print at Home|GBP|see_enta
540|Box Office Collection|GBP|see_enta
541|Standard Delivery|GBP|see_enta
543|Box Office Collection|GBP|see_tickets
544|Care of Box Office|GBP|see_enta
545|E-ticket (Print-at-home)|GBP|see_tickets
546|Care of Box Office|GBP|see_enta
547|Care of Box Office|GBP|see_enta
549|Box Office Collection|GBP|see_tickets
551|Box Office Collection|GBP|see_tickets
553|Box Office Collection|GBP|see_tickets
554|Secure Post|GBP|see_tickets
555|Standard Delivery|GBP|see_tickets
556|Print at Home|GBP|see_enta
557|Care of Box Office|GBP|see_enta
558|Box Office Collection|GBP|see_enta
560|Print at Home|GBP|see_enta
561|Care of Box Office|GBP|see_enta
562|Box Office Collection|GBP|see_enta
563|Standard Delivery|GBP|see_enta
564|Print at Home|GBP|see_enta
565|Care of Box Office|GBP|see_enta
566|Box Office Collection|GBP|see_enta
567|Standard Delivery|GBP|see_enta
568|Care of Box Office|GBP|see_enta
569|Box Office Collection|GBP|see_tickets
570|Box Office Collection|GBP|see_tickets
571|Box Office Collection|GBP|see_tickets
